COD_CLASSE;JUST_ES_1GRAU;JUST_ES_2GRAU;JUST_ES_JUIZADO_ES;JUST_ES_TURMAS;JUST_ES_1GRAU_MIL;JUST_ES_2GRAU_MIL;JUST_ES_JUIZADO_ES_FP;JUST_TU_ES_UN;JUST_FED_1GRAU;JUST_FED_2GRAU;JUST_FED_JUIZADO_ES;JUST_FED_TURMAS;JUST_FED_NACIONAL;JUST_FED_REGIONAL;JUST_TRAB_1GRAU;JUST_TRAB_2GRAU;JUST_TRAB_TST;JUST_TRAB_CSJT;STF;STJ;CJF;CNJ;JUST_MIL_UNIAO_1GRAU;JUST_MIL_UNIAO_STM;JUST_MIL_EST_1GRAU;JUST_MIL_EST_TJM;JUST_ELEI_1GRAU;JUST_ELEI_2GRAU;JUST_ELEI_TSE
1026;N;N;N;N;N;N;N;N;N;N;N;N;N;N;N;N;N;N;N;S;N;N;N;N;N;N;N;N;N
1027;N;N;N;N;N;N;N;N;N;N;N;N;N;N;N;N;N;N;N;S;N;N;N;N;N;N;N;N;N
1028;N;N;N;N;N;N;N;N;N;N;N;N;N;N;N;N;N;N;N;S;N;N;N;N;N;N;N;N;N
1029;N;N;N;N;N;N;N;N;N;N;N;N;N;N;N;N;N;N;N;S;N;N;N;N;N;N;N;N;N
1030;N;N;N;N;N;N;N;N;N;N;N;N;N;N;N;N;N;N;N;S;N;N;N;N;N;N;N;N;N
1031;N;N;N;N;N;N;N;N;N;N;N;N;N;N;N;N;N;N;N;S;N;N;N;N;N;N;N;N;N
1032;N;N;N;N;N;N;N;N;N;N;N;N;N;N;N;N;N;N;N;S;N;N;N;N;N;N;N;N;N
1033;N;N;N;N;N;N;N;N;N;N;N;N;N;N;N;N;N;N;N;S;N;N;N;N;N;N;N;N;N
1034;N;N;N;N;N;N;N;N;N;N;N;N;N;N;N;N;N;N;N;S;N;N;N;N;N;N;N;N;N
1035;N;N;N;N;N;N;N;N;N;N;N;N;N;N;N;N;N;N;N;S;N;N;N;N;N;N;N;N;N
1036;N;N;N;N;N;N;N;N;N;N;N;N;N;N;N;N;N;N;N;S;N;N;N;N;N;N;N;N;N
1037;N;N;N;N;N;N;N;N;N;N;N;N;N;N;N;N;N;N;N;S;N;N;N;N;N;N;N;N;N
1038;N;N;N;N;N;N;N;N;N;N;N;N;N;N;N;N;N;N;N;S;N;N;N;N;N;N;N;N;N
1040;N;N;N;N;N;N;N;N;N;N;N;N;N;N;N;N;N;N;N;S;N;N;N;N;N;N;N;N;N
1042;N;N;N;N;N;N;N;N;N;N;N;N;N;N;N;N;N;N;N;S;N;N;N;N;N;N;N;N;N
1044;N;N;N;N;N;N;N;N;N;N;N;N;N;N;N;N;N;N;N;S;N;N;N;N;N;N;N;N;N
1045;N;N;N;N;N;N;N;N;N;N;N;N;N;N;N;N;N;N;S;S;N;N;N;N;N;N;N;N;N
1046;N;N;N;N;N;N;N;N;N;N;N;N;N;N;N;N;N;N;S;S;N;N;N;N;N;N;N;N;N
1047;N;N;N;N;N;N;N;N;N;N;N;N;N;N;N;N;N;N;N;S;N;N;N;N;N;N;N;N;N
1049;N;N;N;N;N;N;N;N;N;N;N;N;N;N;N;N;N;N;N;S;N;N;N;N;N;N;N;N;N
1053;N;N;N;N;N;N;N;N;N;N;N;N;N;N;N;N;N;N;N;S;N;N;N;N;N;N;N;N;N
1054;N;N;N;N;N;N;N;N;N;N;N;N;N;N;N;N;N;N;N;S;N;N;N;N;N;N;N;N;N
1057;N;N;N;N;N;N;N;N;N;N;N;N;N;N;N;N;N;N;N;S;N;N;N;N;N;N;N;N;N
1062;N;N;N;N;N;N;N;N;N;N;N;N;N;N;N;N;N;N;N;S;N;N;N;N;N;N;N;N;N
1063;N;N;N;N;N;N;N;N;N;N;N;N;N;N;N;N;N;N;N;S;N;N;N;N;N;N;N;N;N
1064;N;N;N;N;N;N;N;N;N;N;N;N;N;N;N;N;N;N;N;S;N;N;N;N;N;N;N;N;N
1066;N;N;N;N;N;N;N;N;N;N;N;N;N;N;N;N;N;N;N;S;N;N;N;N;N;N;N;N;N
1067;N;N;N;N;N;N;N;N;N;N;N;N;N;N;N;N;N;N;N;N;N;N;N;N;N;N;N;N;N
1068;N;N;N;N;N;N;N;N;N;N;N;N;N;N;N;N;N;N;N;N;N;N;N;N;N;N;N;N;N
107;N;N;N;N;N;N;N;N;S;N;N;N;N;N;N;N;N;N;N;N;N;N;N;N;N;N;N;N;N
1070;N;N;N;N;N;N;N;N;N;N;N;N;N;N;N;N;N;N;N;N;N;N;N;N;N;N;N;N;N
1071;N;N;N;N;N;N;N;N;N;N;N;N;N;N;S;S;S;N;N;N;N;N;N;N;N;N;N;N;N
1072;N;N;N;N;N;N;N;N;N;N;N;N;N;N;N;S;N;N;N;N;N;N;N;N;N;N;N;N;N
108;S;N;N;N;N;N;N;N;N;N;N;N;N;N;N;N;N;N;N;N;N;N;N;N;N;N;N;N;N
10933;S;N;N;N;N;N;N;N;N;N;N;N;N;N;N;N;N;N;N;N;N;N;N;N;N;N;N;N;N
10942;N;S;N;S;N;S;N;N;N;S;N;S;N;N;N;N;N;N;N;N;S;N;N;N;N;S;N;N;N
10943;S;S;N;N;N;N;N;N;S;S;N;N;N;N;N;N;N;N;N;N;N;N;N;N;N;N;S;S;S
10944;S;S;S;N;N;N;N;N;S;S;S;N;N;N;N;N;N;N;N;N;N;N;N;N;N;N;S;S;S
10960;S;N;N;N;N;N;N;N;N;N;N;N;N;N;N;N;N;N;N;N;N;N;N;N;N;N;N;N;N
10967;S;S;S;N;N;N;N;N;N;N;N;N;N;N;N;N;N;N;S;S;N;N;N;N;N;N;S;S;S
10969;N;N;N;N;N;N;N;N;N;N;N;N;N;N;N;N;N;N;N;N;N;N;N;N;N;N;N;N;N
10970;N;S;N;N;N;N;N;N;N;N;N;N;N;N;N;N;N;N;N;N;N;N;N;N;N;N;N;N;N
10971;N;N;N;N;N;N;N;N;N;N;N;N;N;N;N;N;N;N;N;N;N;N;N;N;N;N;N;N;N
10972;S;S;N;N;N;N;N;N;N;N;N;N;N;N;N;N;N;N;N;N;N;N;N;N;N;N;N;N;N
10973;S;S;N;N;N;N;N;N;N;N;N;N;N;N;N;N;N;N;N;N;N;N;N;N;N;N;N;N;N
10974;S;S;N;N;N;N;N;N;N;N;N;N;N;N;N;N;N;N;N;N;N;N;N;N;N;N;N;N;N
10975;S;S;N;N;N;N;N;N;N;N;N;N;N;N;N;N;N;N;N;N;N;N;N;N;N;N;N;N;N
10976;S;S;N;N;N;N;N;N;N;N;N;N;N;N;N;N;N;N;N;N;N;N;N;N;N;N;N;N;N
10977;S;S;N;N;N;N;N;N;N;N;N;N;N;N;N;N;N;N;N;N;N;N;N;N;N;N;N;N;N
10979;S;S;N;N;N;N;N;N;N;N;N;N;N;N;N;N;N;N;N;N;N;N;N;N;N;N;N;N;N
10980;S;S;N;N;S;S;N;N;S;S;N;N;N;N;N;N;N;N;N;N;N;N;N;N;S;S;S;S;N
10981;S;S;N;N;S;S;N;N;S;S;N;N;N;N;N;N;N;N;N;N;N;N;N;N;S;S;N;N;N
110;S;S;N;N;S;S;N;N;S;S;N;N;N;N;S;S;S;N;N;N;N;N;S;S;S;S;S;S;S
11026;S;S;N;N;N;N;N;N;N;N;N;N;N;N;N;N;N;N;N;N;N;N;N;N;N;N;N;N;N
11027;N;N;N;N;N;N;N;N;N;N;N;N;N;N;N;S;S;N;N;N;N;N;N;N;N;N;N;N;N
11028;N;N;N;N;N;N;N;N;N;N;N;N;N;N;N;N;N;N;N;N;N;N;N;N;N;N;N;N;N
11029;N;N;N;N;N;N;N;N;N;N;N;N;N;N;N;N;N;N;N;N;N;N;N;N;N;N;N;N;N
11030;N;N;N;N;N;N;N;N;N;N;N;N;N;N;N;N;N;N;N;N;N;N;N;N;N;N;N;N;N
11031;N;N;N;N;N;N;N;N;N;N;N;N;N;N;N;N;N;N;N;N;N;N;N;N;N;N;N;N;N
11032;N;N;N;N;N;N;N;N;N;N;N;N;N;N;N;N;N;N;N;N;N;N;N;N;N;N;N;N;N
11033;N;N;N;N;N;N;N;N;N;N;N;N;N;N;N;N;N;N;N;N;N;N;N;N;N;N;N;N;N
11034;N;N;N;N;N;S;N;N;N;N;N;N;N;N;N;N;N;N;N;N;N;N;N;S;N;S;N;N;N
11035;N;N;N;N;N;S;N;N;N;N;N;N;N;N;N;N;N;N;N;N;N;N;N;S;N;S;N;N;N
11036;N;N;N;N;N;S;N;N;N;N;N;N;N;N;N;N;N;N;N;N;N;N;N;N;N;S;N;N;N
11037;N;N;N;N;S;S;N;N;N;N;N;N;N;N;N;N;N;N;N;N;N;N;S;S;S;S;N;N;N
11038;N;N;N;N;N;S;N;N;N;N;N;N;N;N;N;N;N;N;N;N;N;N;N;S;N;S;N;N;N
11039;N;N;N;N;N;S;N;N;N;S;N;N;N;N;N;N;N;N;N;N;N;N;N;S;N;S;N;N;N
11040;N;N;N;N;N;S;N;N;N;N;N;N;N;N;N;N;N;N;N;N;N;N;N;S;N;S;N;N;N
11041;N;N;N;N;S;S;N;N;N;N;N;N;N;N;N;N;N;N;N;N;N;N;S;S;S;S;N;N;N
11042;N;N;N;N;N;S;N;N;N;N;N;N;N;N;N;N;N;N;N;N;N;N;N;S;N;S;N;N;N
11043;N;N;N;N;N;N;N;N;N;N;N;N;N;N;N;N;N;N;N;N;N;N;N;N;N;N;N;N;N
11044;N;N;N;N;N;N;N;N;N;N;N;N;N;N;N;N;N;N;N;N;N;N;S;N;N;N;N;N;N
11045;N;N;N;N;S;S;N;N;N;N;N;N;N;N;N;N;N;N;N;N;N;N;S;S;S;S;N;N;N
11046;N;N;N;N;S;N;N;N;N;N;N;N;N;N;N;N;N;N;N;N;N;N;S;N;S;N;N;N;N
1106;N;N;N;S;N;N;N;N;N;N;N;N;N;N;N;N;N;N;N;N;N;S;N;N;N;N;N;N;N
1107;N;N;N;S;N;N;N;N;N;N;N;N;N;N;N;N;N;N;N;N;N;S;N;N;N;N;N;N;N
11099;N;N;N;N;N;N;N;N;N;N;N;N;N;N;N;N;N;N;N;N;N;N;N;N;N;N;N;N;N
111;S;N;N;N;N;N;N;N;N;N;N;N;N;N;N;N;N;N;N;N;N;N;N;N;N;N;N;N;N
1111;S;S;S;S;N;N;S;N;S;S;S;S;N;N;S;S;N;N;N;N;N;N;N;N;N;N;N;N;N
1112;S;N;N;N;N;N;N;N;N;N;N;N;N;N;N;N;N;N;N;N;N;N;N;N;N;N;N;N;N
1114;S;S;N;N;S;S;S;N;S;S;N;N;N;N;N;N;N;N;N;N;N;N;N;N;S;S;N;N;N
1116;S;N;N;N;N;N;N;N;S;N;N;N;N;N;S;N;N;N;N;N;N;N;N;N;N;N;S;S;S
1117;S;N;N;N;N;N;N;N;S;N;N;N;N;N;N;N;N;N;N;N;N;N;N;N;N;N;N;N;N
12559;N;N;N;N;N;N;N;N;N;N;N;N;N;N;N;N;N;N;N;N;N;N;N;N;N;N;S;S;S
12560;N;N;N;N;N;N;N;N;N;N;N;N;N;N;N;N;N;N;N;N;N;N;N;N;N;N;S;N;N
12561;N;N;N;N;N;N;N;N;N;N;N;N;N;N;N;N;N;N;N;N;N;N;N;N;N;N;S;N;N
12562;N;N;N;N;N;N;N;N;N;N;N;N;N;N;N;N;N;N;N;N;N;N;N;N;N;N;S;N;N
12613;N;N;N;N;N;N;N;N;N;N;N;N;N;N;N;N;N;N;N;N;N;N;N;N;N;N;N;N;N
1262;S;S;N;N;S;S;N;N;S;S;N;N;N;N;N;S;S;N;N;N;N;S;S;S;S;S;N;N;N
12625;N;N;N;N;N;N;N;N;N;N;N;N;N;N;N;N;N;N;N;N;N;N;N;N;N;N;S;S;S
12626;N;N;N;N;N;N;N;N;N;N;N;N;N;N;N;N;N;N;N;N;N;N;N;N;N;N;N;S;S
12627;N;N;N;N;N;N;N;N;N;N;N;N;N;N;N;N;N;N;N;N;N;N;N;N;N;N;N;S;S
12628;N;N;N;N;N;N;N;N;N;N;N;N;N;N;N;N;N;N;N;N;N;N;N;N;N;N;S;S;N
12629;N;N;N;N;N;N;N;N;N;N;N;N;N;N;N;N;N;N;N;N;N;N;N;N;N;N;N;S;S
12630;N;N;N;N;N;N;N;N;N;N;N;N;N;N;N;N;N;N;N;N;N;N;N;N;N;N;S;S;S
12631;N;N;N;N;N;N;N;N;N;N;N;N;N;N;N;N;N;N;N;N;N;N;N;N;N;N;S;S;S
12633;N;N;N;N;N;N;N;N;N;N;N;N;N;N;N;N;N;N;N;N;N;N;N;N;N;N;S;S;S
1264;N;S;N;N;N;S;N;N;N;S;N;N;N;N;N;S;S;N;N;N;N;S;N;S;N;S;N;N;N
1265;N;S;N;N;N;S;N;N;N;S;N;N;N;N;N;S;S;N;N;N;N;N;N;N;N;S;N;N;N
1266;N;S;N;N;N;S;N;N;N;S;N;N;N;N;N;S;N;N;N;N;N;N;N;N;N;S;N;N;N
1267;N;N;N;N;N;N;N;N;N;N;N;N;N;N;N;S;N;N;N;N;N;N;N;N;N;N;N;N;N
1268;S;S;N;N;S;N;N;N;N;N;N;N;N;N;N;N;N;N;S;S;N;N;N;N;S;N;S;S;S
1269;N;S;N;S;S;S;N;N;N;S;N;N;N;N;S;S;S;N;N;N;N;N;N;N;S;S;N;N;N
127;S;N;N;N;N;N;N;N;S;N;N;N;N;N;N;N;N;N;N;N;N;N;N;N;N;N;N;N;N
1271;N;N;N;S;N;N;N;N;N;N;N;S;N;N;N;N;N;N;N;N;N;N;N;N;N;N;N;N;N
12727;S;S;S;S;S;S;N;N;S;S;S;S;N;N;N;N;N;N;S;S;N;N;S;S;S;S;S;S;S
12728;S;S;S;N;S;S;N;N;S;S;S;N;N;N;N;N;N;N;S;S;N;N;S;S;S;S;S;S;S
12729;S;S;S;N;S;S;N;N;S;S;S;N;N;N;N;N;N;N;S;S;N;N;S;S;S;S;S;S;S
12760;N;N;N;N;N;N;N;N;N;N;N;N;N;N;S;N;N;N;N;N;N;N;N;N;N;N;N;N;N
12761;S;N;N;N;N;N;N;N;S;N;N;N;N;N;N;N;N;N;N;N;N;N;N;N;N;N;N;N;N
12762;S;N;N;N;N;N;N;N;N;N;N;N;N;N;N;N;N;N;N;N;N;N;N;N;N;N;N;N;N
12763;S;N;N;N;N;N;N;N;N;N;N;N;N;N;N;N;N;N;N;N;N;N;N;N;N;N;N;N;N
12764;S;N;N;N;N;N;N;N;N;N;N;N;N;N;N;N;N;N;N;N;N;N;N;N;N;N;N;N;N
12775;N;N;N;N;N;N;N;N;N;N;N;N;N;N;N;N;N;N;S;N;N;N;N;N;N;N;N;N;N
12776;N;N;N;N;N;N;N;N;N;N;N;N;N;N;N;N;N;N;S;N;N;N;N;N;N;N;N;N;N
12777;N;N;N;N;N;N;N;N;N;N;N;N;N;N;N;N;N;N;S;N;N;N;N;N;N;N;N;N;N
12778;N;N;N;N;N;N;N;N;N;N;N;N;N;N;N;N;N;N;S;N;N;N;N;N;N;N;N;N;N
12779;N;N;N;N;N;N;N;N;N;N;N;N;N;N;N;N;N;N;S;N;N;N;N;N;N;N;N;N;N
12780;N;N;N;N;N;N;N;N;N;N;N;N;N;N;N;N;N;N;S;N;N;N;N;N;N;N;N;N;N
12781;N;N;N;N;N;N;N;N;N;N;N;N;N;N;N;N;N;N;S;N;N;N;N;N;N;N;N;N;N
12782;N;N;N;N;N;N;N;N;N;N;N;N;N;N;N;N;N;N;S;N;N;N;N;N;N;N;N;N;N
12783;N;N;N;N;N;N;N;N;N;N;N;N;N;N;N;N;N;N;N;N;N;N;N;N;N;N;N;N;N
12784;N;N;N;N;N;N;N;N;N;N;N;N;N;N;N;N;N;N;S;N;N;N;N;N;N;N;N;N;N
12785;N;N;N;N;N;N;N;N;N;N;N;N;N;N;N;N;N;N;S;N;N;N;N;N;N;N;N;N;N
12786;N;N;N;N;N;N;N;N;N;N;N;N;N;N;N;N;N;N;S;N;N;N;N;N;N;N;N;N;N
12788;N;N;N;N;N;N;N;N;N;N;N;N;N;N;N;N;N;N;S;N;N;N;N;N;N;N;N;N;N
12789;N;N;N;N;N;N;N;N;N;N;N;N;N;N;N;N;N;N;S;N;N;N;N;N;N;N;N;N;N
12790;N;N;N;N;N;N;N;N;N;N;N;N;N;N;N;N;N;N;S;N;N;N;N;N;N;N;N;N;N
12791;N;N;N;N;N;N;N;N;N;N;N;N;N;N;N;N;N;N;S;N;N;N;N;N;N;N;N;N;N
128;S;N;N;N;N;N;N;N;N;N;N;N;N;N;N;N;N;N;N;N;N;N;N;N;N;N;N;N;N
1283;S;S;N;N;S;S;N;N;S;S;N;N;N;N;N;N;N;N;N;N;N;N;S;S;S;S;S;S;S
1284;S;S;N;N;S;S;N;N;S;S;N;N;N;N;N;N;N;N;N;N;N;N;S;S;S;S;S;S;S
1285;N;S;N;N;N;N;N;N;N;N;N;N;N;N;N;N;N;N;N;N;N;N;N;N;N;N;N;N;N
1288;S;S;N;N;S;S;N;N;S;S;N;N;N;N;N;N;N;N;N;N;N;N;S;S;S;S;S;S;S
1289;S;S;N;N;N;N;N;N;S;S;N;N;N;N;N;N;N;N;N;N;N;N;N;N;N;N;N;N;N
129;S;N;N;N;N;N;N;N;N;N;N;N;N;N;N;N;N;N;N;N;N;N;N;N;N;N;N;N;N
1291;S;S;N;N;S;S;N;N;S;N;N;N;N;N;N;N;N;N;N;N;N;N;S;S;S;S;S;S;S
1294;S;N;N;N;N;N;N;N;S;N;N;N;N;N;N;N;N;N;N;N;N;N;N;N;N;N;N;N;N
1295;S;N;N;N;N;N;N;N;S;N;N;N;N;N;S;N;N;N;N;N;N;N;N;N;N;N;N;N;N
1296;N;S;N;N;N;N;N;N;N;N;N;N;N;N;N;N;N;N;N;N;N;N;N;N;N;N;N;N;N
1297;N;S;N;N;N;N;N;N;N;N;N;N;N;N;N;N;N;N;N;N;N;N;N;N;N;N;N;N;N
1298;S;S;N;N;S;S;N;N;S;S;N;N;N;N;N;S;S;N;N;N;S;N;S;S;S;S;S;S;S
1299;N;S;N;N;N;S;N;N;N;S;N;N;N;N;N;S;S;N;N;S;N;N;N;N;N;S;N;S;S
1301;S;S;N;N;S;S;N;N;S;S;N;N;N;N;N;S;S;N;N;N;N;S;N;N;S;S;N;N;N
1303;N;S;N;N;N;S;N;N;N;S;N;N;N;N;N;S;S;N;N;N;N;N;N;S;N;S;S;S;S
1304;N;S;N;N;N;S;N;N;N;S;N;N;N;N;N;N;S;S;N;N;N;S;N;N;N;S;S;S;S
1306;N;S;N;N;N;S;N;N;N;S;N;N;N;N;N;N;N;N;N;N;N;N;N;N;N;S;N;N;N
1307;N;S;N;N;N;S;N;N;N;S;N;N;N;N;N;S;S;N;N;N;N;S;N;S;N;S;S;S;S
1308;S;S;N;N;S;S;N;N;S;S;N;N;N;N;N;S;S;N;N;N;N;S;S;S;S;S;S;S;S
1310;N;N;N;N;N;N;N;N;N;N;N;N;N;N;N;N;N;N;S;N;N;N;N;N;N;N;N;N;N
1311;N;N;N;N;N;N;N;N;N;N;N;N;N;N;N;N;N;N;S;N;N;N;N;N;N;N;N;N;N
1312;N;N;N;N;N;N;N;N;N;N;N;N;N;N;N;N;N;N;S;N;N;N;N;N;N;N;N;N;N
1313;N;N;N;N;N;N;N;N;N;N;N;N;N;N;N;N;N;N;S;N;N;N;N;N;N;N;N;N;N
1314;N;N;N;N;N;N;N;N;N;N;N;N;N;N;N;N;N;N;S;N;N;N;N;N;N;N;N;N;N
1315;N;N;N;N;N;N;N;N;N;N;N;N;N;N;N;N;N;N;S;N;N;N;N;N;N;N;N;N;N
1316;N;N;N;N;N;N;N;N;N;N;N;N;N;N;N;N;N;N;N;N;N;N;N;N;N;N;N;N;N
1317;N;N;N;N;N;N;N;N;N;N;N;N;N;N;N;N;N;N;S;N;N;N;N;N;N;N;N;N;N
1318;N;N;N;N;N;N;N;N;N;N;N;N;N;N;N;N;N;N;S;N;N;N;N;N;N;N;N;N;N
1342;N;N;N;N;N;N;N;N;N;N;N;N;N;N;N;N;N;N;S;N;N;N;N;N;N;N;N;N;N
1343;N;N;N;N;N;N;N;N;N;N;N;N;N;N;N;N;N;N;S;N;N;N;N;N;N;N;N;S;S
1344;N;N;N;N;N;N;N;N;N;N;N;N;N;N;N;N;N;N;S;N;N;N;N;N;N;N;N;S;S
1345;N;N;N;N;N;N;N;N;N;N;N;N;N;N;N;N;N;N;S;N;N;N;N;N;N;N;N;S;S
1346;N;N;N;N;N;N;N;N;N;N;N;N;N;N;N;N;N;N;S;N;N;N;N;N;N;N;N;S;S
1347;N;N;N;N;N;N;N;N;N;N;N;N;N;N;N;N;N;N;S;N;N;N;N;N;N;N;N;S;S
1348;N;N;N;N;N;N;N;N;N;N;N;N;N;N;N;N;N;N;S;N;N;N;N;N;N;N;N;N;N
1349;N;N;N;N;N;N;N;N;N;N;N;N;N;N;N;N;N;N;S;N;N;N;N;N;N;N;N;N;N
135;S;N;N;N;N;N;N;N;N;N;N;N;N;N;N;N;N;N;N;N;N;N;N;N;N;N;N;N;N
1350;N;N;N;N;N;N;N;N;N;N;N;N;N;N;N;N;N;N;S;N;N;N;N;N;N;N;N;N;N
1351;N;N;N;N;N;N;N;N;N;N;N;N;N;N;N;N;N;N;S;N;N;N;N;N;N;N;N;N;N
1352;N;N;N;N;N;N;N;N;N;N;N;N;N;N;N;N;N;N;S;N;N;N;N;N;N;N;N;N;N
1353;N;N;N;N;N;N;N;N;N;N;N;N;N;N;N;N;N;N;S;N;N;N;N;N;N;N;N;N;N
1354;N;N;N;N;N;N;N;N;N;N;N;N;N;N;N;N;N;N;S;N;N;N;N;N;N;N;N;N;N
1355;N;N;N;N;N;N;N;N;N;N;N;N;N;N;N;N;N;N;N;N;N;N;N;N;N;N;N;N;N
1356;N;N;N;N;N;N;N;N;N;N;N;N;N;N;N;N;N;N;N;N;N;N;N;N;N;N;N;N;N
1357;N;N;N;N;N;N;N;N;N;N;N;N;N;N;N;N;N;N;N;N;N;N;N;N;N;N;N;N;N
1358;N;N;N;N;N;N;N;N;N;N;N;N;N;N;N;N;N;N;N;N;N;N;N;N;N;N;N;N;N
1359;N;N;N;N;N;N;N;N;N;N;N;N;N;N;N;N;N;N;N;N;N;N;N;N;N;N;N;N;N
136;S;N;N;N;N;N;N;N;S;N;N;N;N;N;N;N;N;N;N;N;N;N;N;N;N;N;N;N;N
1360;N;N;N;N;N;N;N;N;N;N;N;N;N;N;N;N;N;N;N;N;N;N;N;N;N;N;N;N;N
1361;N;N;N;N;N;N;N;N;N;N;N;N;N;N;N;N;N;N;N;N;N;N;N;N;N;N;N;N;N
1362;N;N;N;N;N;N;N;N;N;N;N;N;N;N;N;N;N;N;N;N;N;N;N;N;N;N;N;N;N
1363;N;N;N;N;N;N;N;N;N;N;N;N;N;N;N;N;N;N;N;N;N;N;N;N;N;N;N;N;N
1364;N;N;N;N;N;N;N;N;N;N;N;N;N;N;N;N;N;N;N;N;N;N;N;N;N;N;N;N;N
1365;N;N;N;N;N;N;N;N;N;N;N;N;N;N;N;N;N;N;N;N;N;N;N;N;N;N;N;N;N
1366;N;N;N;N;N;N;N;N;N;N;N;N;N;N;N;N;N;N;N;N;N;N;N;N;N;N;N;N;N
1367;N;N;N;N;N;N;N;N;N;N;N;N;N;N;N;N;N;N;N;N;N;N;N;N;N;N;N;N;N
1368;N;N;N;N;N;N;N;N;N;N;N;N;N;N;N;N;N;N;N;N;N;N;N;N;N;N;N;N;N
1369;N;N;N;N;N;N;N;N;N;N;N;N;N;N;N;N;N;N;N;N;N;N;N;N;N;N;N;N;N
137;S;N;N;N;N;N;N;N;S;N;N;N;N;N;N;N;N;N;N;N;N;N;N;N;N;N;N;N;N
1370;N;N;N;N;N;N;N;N;N;N;N;N;N;N;N;N;N;N;N;N;N;N;N;N;N;N;N;N;N
1371;N;N;N;N;N;N;N;N;N;N;N;N;N;N;N;N;N;N;N;N;N;N;N;N;N;N;N;N;N
1372;N;N;N;N;N;N;N;N;N;N;N;N;N;N;N;N;N;N;N;N;N;N;N;N;N;N;N;N;N
1373;N;N;N;N;N;N;N;N;N;N;N;N;N;N;N;N;N;N;N;N;N;N;N;N;N;N;N;N;N
1374;N;N;N;N;N;N;N;N;N;N;N;N;N;N;N;N;N;N;N;N;N;N;N;N;N;N;N;N;N
1375;N;N;N;N;N;N;N;N;N;N;N;N;N;N;N;N;N;N;N;N;N;N;N;N;N;N;N;N;N
1376;N;N;N;N;N;N;N;N;N;N;N;N;N;N;N;N;N;N;N;N;N;N;N;N;N;N;N;N;N
1377;N;N;N;N;N;N;N;N;N;N;N;N;N;N;N;N;N;N;N;N;N;N;N;N;N;N;N;N;N
1378;N;N;N;N;N;N;N;N;N;N;N;N;N;N;N;N;N;N;N;N;N;N;N;N;N;N;N;N;N
1379;N;N;N;N;N;N;N;N;N;N;N;N;N;N;N;N;N;N;N;N;N;N;N;N;N;N;N;N;N
138;S;N;N;N;N;N;N;N;N;N;N;N;N;N;N;N;N;N;N;N;N;N;N;N;N;N;N;N;N
1380;N;N;N;N;N;N;N;N;N;N;N;N;N;N;N;N;N;N;N;N;N;N;N;N;N;N;N;N;N
1381;N;N;N;N;N;N;N;N;N;N;N;N;N;N;N;N;N;N;N;N;N;N;N;N;N;N;N;N;N
1382;N;N;N;N;N;N;N;N;N;N;N;N;N;N;N;N;N;N;N;N;N;N;N;N;N;N;N;N;N
1383;N;N;N;N;N;N;N;N;N;N;N;N;N;N;N;N;N;N;N;N;N;N;N;N;N;N;N;N;N
1384;N;N;N;N;N;N;N;N;N;N;N;N;N;N;N;N;N;N;N;N;N;N;N;N;N;N;N;N;N
1385;N;N;N;N;N;N;N;N;N;N;N;N;N;N;N;N;N;N;N;N;N;N;N;N;N;N;N;N;N
1386;N;N;N;N;N;N;N;N;N;N;N;N;N;N;N;N;N;N;N;N;N;N;N;N;N;N;N;N;N
1389;S;N;N;N;N;N;N;N;N;N;N;N;N;N;N;N;N;N;N;N;N;N;N;N;N;N;N;N;N
1390;S;N;N;N;N;N;N;N;N;N;N;N;N;N;N;N;N;N;N;N;N;N;N;N;N;N;N;N;N
1391;S;N;N;N;N;N;N;N;N;N;N;N;N;N;N;N;N;N;N;N;N;N;N;N;N;N;N;N;N
1392;S;N;N;N;N;N;N;N;N;N;N;N;N;N;N;N;N;N;N;N;N;N;N;N;N;N;N;N;N
1396;S;N;N;N;N;N;N;N;N;N;N;N;N;N;N;N;N;N;N;N;N;N;N;N;N;N;N;N;N
1399;S;N;N;N;N;N;N;N;N;N;N;N;N;N;N;N;N;N;N;N;N;N;N;N;N;N;N;N;N
140;S;N;N;N;N;N;N;N;S;N;N;N;N;N;N;N;N;N;N;N;N;N;N;N;N;N;N;N;N
1401;S;N;N;N;N;N;N;N;N;N;N;N;N;N;N;N;N;N;N;N;N;N;N;N;N;N;N;N;N
141;S;N;N;N;N;N;N;N;N;N;N;N;N;N;N;N;N;N;N;N;N;N;N;N;N;N;N;N;N
1412;S;N;N;N;N;N;N;N;N;N;N;N;N;N;N;N;N;N;N;N;N;N;N;N;N;N;N;N;N
1414;S;N;N;N;N;N;N;N;N;N;N;N;N;N;N;N;N;N;N;N;N;N;N;N;N;N;N;N;N
1415;S;N;N;N;N;N;N;N;N;N;N;N;N;N;N;N;N;N;N;N;N;N;N;N;N;N;N;N;N
1417;S;N;N;N;N;N;N;N;N;N;N;N;N;N;N;N;N;N;N;N;N;N;N;N;N;N;N;N;N
142;S;N;N;N;N;N;N;N;N;N;N;N;N;N;N;N;N;N;N;N;N;N;N;N;N;N;N;N;N
1420;S;N;N;N;N;N;N;N;N;N;N;N;N;N;N;N;N;N;N;N;N;N;N;N;N;N;N;N;N
1424;S;N;N;N;N;N;N;N;N;N;N;N;N;N;N;N;N;N;N;N;N;N;N;N;N;N;N;N;N
1425;S;N;N;N;N;N;N;N;N;N;N;N;N;N;N;N;N;N;N;N;N;N;N;N;N;N;N;N;N
1426;S;N;N;N;N;N;N;N;N;N;N;N;N;N;N;N;N;N;N;N;N;N;N;N;N;N;N;N;N
143;S;N;N;N;N;N;N;N;N;N;N;N;N;N;N;N;N;N;N;N;N;N;N;N;N;N;N;N;N
1430;N;N;N;N;N;N;N;N;N;N;N;N;N;N;N;N;N;N;N;N;N;N;N;N;N;N;N;N;N
1432;S;N;N;N;N;N;N;N;N;N;N;N;N;N;N;N;N;N;N;N;N;N;N;N;N;N;N;N;N
1434;S;N;N;N;N;N;N;N;N;N;N;N;N;N;N;N;N;N;N;N;N;N;N;N;N;N;N;N;N
1435;S;N;N;N;N;N;N;N;N;N;N;N;N;N;N;N;N;N;N;N;N;N;N;N;N;N;N;N;N
1436;N;N;N;N;N;N;N;N;N;N;N;N;N;N;N;N;N;N;N;N;N;N;N;N;N;N;N;N;N
1438;S;N;N;N;N;N;N;N;N;N;N;N;N;N;N;N;N;N;N;N;N;N;N;N;N;N;N;N;N
144;N;S;N;N;N;S;N;N;N;S;N;N;N;N;N;S;N;N;N;N;N;N;N;N;N;S;N;S;S
1440;S;N;N;N;N;N;N;N;N;N;N;N;N;N;N;N;N;N;N;N;N;N;N;N;N;N;N;N;N
145;N;S;N;N;N;S;N;N;N;S;N;N;N;N;N;N;N;N;N;N;N;N;N;N;N;S;N;N;N
1450;N;N;N;N;N;N;N;N;N;N;N;N;N;N;N;N;N;N;N;N;N;N;N;N;N;N;N;N;N
1451;S;N;N;N;N;N;N;N;N;N;N;N;N;N;N;N;N;N;N;N;N;N;N;N;N;N;N;N;N
1455;S;N;N;N;N;N;N;N;N;N;N;N;N;N;N;N;N;N;N;N;N;N;N;N;N;N;N;N;N
1459;N;N;N;N;N;N;N;N;N;N;N;N;N;N;N;N;N;N;N;N;N;N;N;N;N;N;N;N;N
1460;S;N;N;N;N;N;N;N;N;N;N;N;N;N;N;N;N;N;N;N;N;N;N;N;N;N;N;N;N
1461;S;N;N;N;N;N;N;N;N;N;N;N;N;N;N;N;N;N;N;N;N;N;N;N;N;N;N;N;N
1462;S;N;N;N;N;N;N;N;N;N;N;N;N;N;N;N;N;N;N;N;N;N;N;N;N;N;N;N;N
1463;S;N;N;N;N;N;N;N;N;N;N;N;N;N;N;N;N;N;N;N;N;N;N;N;N;N;N;N;N
1464;S;N;N;N;N;N;N;N;N;N;N;N;N;N;N;N;N;N;N;N;N;N;N;N;N;N;N;N;N
1465;S;N;N;N;N;N;N;N;N;N;N;N;N;N;N;N;N;N;N;N;N;N;N;N;N;N;N;N;N
1466;S;N;N;N;N;N;N;N;N;N;N;N;N;N;N;N;N;N;N;N;N;N;N;N;N;N;N;N;N
1467;S;N;N;N;N;N;N;N;N;N;N;N;N;N;N;N;N;N;N;N;N;N;N;N;N;N;N;N;N
1468;S;N;N;N;N;N;N;N;N;N;N;N;N;N;N;N;N;N;N;N;N;N;N;N;N;N;N;N;N
1469;S;N;N;N;N;N;N;N;N;N;N;N;N;N;N;N;N;N;N;N;N;N;N;N;N;N;N;N;N
1470;S;N;N;N;N;N;N;N;N;N;N;N;N;N;N;N;N;N;N;N;N;N;N;N;N;N;N;N;N
1471;S;N;N;N;N;N;N;N;N;N;N;N;N;N;N;N;N;N;N;N;N;N;N;N;N;N;N;N;N
1472;S;N;N;N;N;N;N;N;N;N;N;N;N;N;N;N;N;N;N;N;N;N;N;N;N;N;N;N;N
1473;N;N;N;N;N;N;N;N;N;N;N;N;N;N;N;N;N;N;N;N;N;N;N;N;N;N;N;N;N
1474;S;N;N;N;N;N;N;N;N;N;N;N;N;N;N;N;N;N;N;N;N;N;N;N;N;N;N;N;N
1478;S;N;N;N;N;N;N;N;N;N;N;N;N;N;N;N;N;N;N;N;N;N;N;N;N;N;N;N;N
150;N;N;N;N;N;N;N;N;N;N;N;N;N;N;N;N;N;N;N;N;N;N;N;N;N;N;N;N;N
151;S;S;N;N;S;S;N;N;S;S;N;N;N;N;N;N;N;N;N;N;N;N;N;N;S;S;N;N;N
152;S;S;N;N;S;S;N;N;S;S;N;N;N;N;N;N;N;N;N;N;N;N;N;N;S;S;N;N;N
153;S;S;N;N;S;S;N;N;S;S;N;N;N;N;N;N;N;N;N;N;N;N;N;N;S;S;N;N;N
154;S;S;N;N;S;S;N;N;S;S;N;N;N;N;N;N;N;N;N;N;N;N;N;N;S;S;N;N;N
155;S;N;N;N;N;N;N;N;N;N;N;N;N;N;N;N;N;N;N;N;N;N;N;N;N;N;N;N;N
156;S;S;S;N;S;S;S;N;S;S;N;N;N;N;S;S;S;N;N;N;N;N;N;N;S;S;S;S;S
157;S;S;S;N;S;S;S;N;S;S;N;N;N;N;S;S;N;N;N;N;N;N;N;N;S;S;S;S;N
158;N;N;N;N;N;N;N;N;N;N;N;N;N;N;N;N;N;N;N;N;N;N;N;N;N;N;N;N;N
159;S;N;S;N;N;N;N;N;S;N;S;N;N;N;N;N;N;N;N;N;N;N;N;N;N;N;N;N;N
165;S;N;N;N;N;N;N;N;N;N;N;N;N;N;N;N;N;N;N;N;N;N;N;N;N;N;N;N;N
166;S;N;N;N;N;N;N;N;N;N;N;N;N;N;N;N;N;N;N;N;N;N;N;N;N;N;N;N;N
1669;N;N;N;N;N;N;N;N;N;N;N;N;N;N;N;N;N;N;N;S;N;N;N;N;N;N;N;N;N
167;S;N;N;N;N;N;N;N;N;N;N;N;N;N;N;N;N;N;N;N;N;N;N;N;N;N;N;N;N
1670;N;N;N;N;N;N;N;N;N;N;N;N;N;N;N;N;N;N;N;S;N;N;N;N;N;N;N;N;N
1671;N;N;N;N;N;N;N;N;N;N;N;N;N;N;N;N;N;N;N;S;N;N;N;N;N;N;N;N;N
1672;N;N;N;N;N;N;N;N;N;N;N;N;N;N;N;N;N;N;N;S;N;N;N;N;N;N;N;N;N
1673;N;N;N;N;N;N;N;N;N;N;N;N;N;N;N;N;N;N;N;S;N;N;N;N;N;N;N;N;N
1674;N;N;N;N;N;N;N;N;N;N;N;N;N;N;N;N;N;N;N;S;N;N;N;N;N;N;N;N;N
1675;N;N;N;N;N;N;N;N;N;N;N;N;N;N;N;N;N;N;N;S;N;N;N;N;N;N;N;N;N
1677;N;N;N;N;N;N;N;N;N;N;N;N;N;N;N;N;N;N;N;S;N;N;N;N;N;N;N;N;N
1678;N;N;N;N;N;N;N;N;N;N;N;N;N;N;N;N;N;N;N;S;N;N;N;N;N;N;N;N;N
1679;N;N;N;N;N;N;N;N;N;N;N;N;N;N;N;N;S;N;N;S;N;N;N;N;N;N;N;N;N
1680;N;N;N;N;S;S;N;N;N;N;N;N;N;N;N;S;S;N;N;N;N;S;S;S;S;S;N;N;N
1682;S;N;N;N;N;N;N;N;N;N;N;N;N;N;N;N;N;N;N;N;N;N;N;N;N;N;N;N;N
1683;S;N;N;N;N;N;N;N;S;N;N;N;N;N;N;N;N;N;N;N;N;N;N;N;N;N;N;N;N
1685;N;N;N;N;N;N;N;N;N;N;N;N;N;N;N;S;S;N;N;N;N;N;N;N;N;N;N;N;N
1689;S;S;S;S;S;S;S;S;S;S;S;S;N;S;S;S;S;N;S;S;N;N;N;N;S;S;N;N;N
169;N;N;N;N;N;N;N;N;N;N;N;N;N;N;N;N;N;N;N;N;N;N;N;N;N;N;N;N;N
1690;S;N;N;N;N;N;N;N;N;N;N;N;N;N;N;N;N;N;N;N;N;N;N;N;N;N;N;N;N
1691;S;S;N;N;N;N;N;N;N;N;N;N;N;N;N;N;N;N;N;N;N;N;N;N;N;N;N;N;N
170;S;S;N;N;N;N;N;N;S;S;N;N;N;N;S;N;N;N;N;N;N;N;N;N;N;N;N;N;N
1701;S;N;S;N;S;N;S;N;S;N;N;N;N;N;N;N;N;N;N;N;N;N;N;N;S;N;N;N;N
1702;S;S;N;N;S;S;N;N;S;S;N;N;N;N;N;N;N;N;N;N;N;N;N;N;S;S;N;N;N
1703;S;N;N;N;N;N;N;N;N;N;N;N;N;N;N;N;N;N;N;N;N;N;N;N;N;N;N;N;N
1704;S;N;N;N;N;N;N;N;N;N;N;N;N;N;N;N;N;N;N;N;N;N;N;N;N;N;N;N;N
1705;S;N;N;N;N;N;N;N;N;N;N;N;N;N;N;N;N;N;N;N;N;N;N;N;N;N;N;N;N
1706;S;N;N;N;N;N;N;N;N;N;N;N;N;N;N;N;N;N;N;N;N;N;N;N;N;N;N;N;N
1707;S;N;S;N;N;N;N;N;S;N;N;N;N;N;S;N;N;N;N;N;N;N;N;N;N;N;N;N;N
1709;S;N;S;N;N;N;N;N;S;N;N;N;N;N;S;N;N;N;N;N;N;N;N;N;N;N;N;N;N
171;S;S;N;N;N;N;N;N;S;S;N;N;N;N;S;N;N;N;N;N;N;N;N;N;N;N;N;N;N
1710;S;S;N;S;S;S;N;N;S;S;N;N;N;N;N;N;N;N;N;N;N;N;S;S;S;S;S;S;S
1711;N;S;N;N;N;S;N;N;N;S;N;N;N;N;N;N;N;N;N;N;N;N;N;N;N;S;S;S;S
1712;N;S;N;S;N;S;N;N;N;S;N;S;N;N;N;N;N;N;N;N;N;N;N;S;N;S;N;N;N
1714;S;S;N;N;S;S;N;N;S;S;N;N;N;N;N;N;N;N;N;N;N;N;S;S;S;S;S;S;S
1715;S;N;N;N;S;S;N;N;S;N;N;N;N;N;N;N;N;N;N;N;N;N;S;S;S;S;S;S;S
1717;S;N;N;N;S;S;N;N;S;N;N;N;N;N;N;N;N;N;S;S;N;N;S;S;S;S;S;S;S
1719;S;S;S;N;N;N;N;N;S;S;S;N;N;N;N;N;N;N;N;N;N;N;N;N;N;N;S;S;S
172;S;S;N;N;S;S;N;N;S;S;N;N;N;N;S;N;N;N;N;N;N;N;N;N;S;S;S;S;S
1720;N;N;N;N;N;N;N;N;N;N;N;N;N;N;N;N;N;N;N;S;N;N;N;N;N;N;N;N;N
1721;N;N;N;N;N;N;N;N;N;N;N;N;N;N;N;N;S;N;N;S;N;N;N;N;N;N;N;N;N
1722;N;N;N;N;N;N;N;N;N;N;N;N;N;N;N;N;N;N;N;S;N;N;N;N;N;N;N;N;N
1723;S;S;N;N;S;S;N;N;S;S;N;N;N;N;S;S;S;N;N;N;N;N;N;N;S;S;N;N;N
1725;S;S;N;N;S;S;N;N;S;S;N;N;N;N;S;S;S;N;N;N;N;N;N;N;S;S;N;N;N
1726;S;S;N;N;S;S;N;N;S;S;N;N;N;N;S;S;S;N;N;N;N;N;N;N;S;S;N;N;N
1727;S;S;S;S;S;S;N;N;S;S;S;S;S;S;N;N;N;N;N;S;N;N;S;S;S;S;S;S;S
1728;N;S;N;N;N;S;N;N;N;S;N;N;N;N;N;N;N;N;N;N;N;N;N;N;N;S;N;N;N
1319;N;N;N;N;N;N;N;N;N;N;N;N;N;N;N;N;N;N;S;N;N;N;N;N;N;N;N;N;N
1320;N;N;N;N;N;N;N;N;N;N;N;N;N;N;N;N;N;N;S;N;N;N;N;N;N;N;N;N;N
1321;N;N;N;N;N;N;N;N;N;N;N;N;N;N;N;N;N;N;S;N;N;N;N;N;N;N;N;N;N
1322;N;N;N;N;N;N;N;N;N;N;N;N;N;N;N;N;N;N;S;N;N;N;N;N;N;N;N;N;N
1323;N;N;N;N;N;N;N;N;N;N;N;N;N;N;N;N;N;N;S;N;N;N;N;N;N;N;N;N;N
1324;N;N;N;N;N;N;N;N;N;N;N;N;N;N;N;N;N;N;S;N;N;N;N;N;N;N;N;N;N
1325;N;N;N;N;N;N;N;N;N;N;N;N;N;N;N;N;N;N;S;N;N;N;N;N;N;N;N;N;N
1326;N;N;N;N;N;N;N;N;N;N;N;N;N;N;N;N;N;N;S;N;N;N;N;N;N;N;N;N;N
1327;N;N;N;N;N;N;N;N;N;N;N;N;N;N;N;N;N;N;S;N;N;N;N;N;N;N;N;N;N
1328;N;N;N;N;N;N;N;N;N;N;N;N;N;N;N;N;N;N;S;N;N;N;N;N;N;N;N;N;N
1329;N;N;N;N;N;N;N;N;N;N;N;N;N;N;N;N;N;N;S;N;N;N;N;N;N;N;N;N;N
1330;N;N;N;N;N;N;N;N;N;N;N;N;N;N;N;N;N;N;S;N;N;N;N;N;N;N;N;N;N
1331;N;N;N;N;N;N;N;N;N;N;N;N;N;N;N;N;N;N;S;N;N;N;N;N;N;N;N;N;N
1332;N;N;N;N;N;N;N;N;N;N;N;N;N;N;N;N;N;N;S;N;N;N;N;N;N;N;N;N;N
1333;N;N;N;N;N;N;N;N;N;N;N;N;N;N;N;N;N;N;S;N;N;N;N;N;N;N;N;N;N
1334;N;N;N;N;N;N;N;N;N;N;N;N;N;N;N;N;N;N;S;N;N;N;N;N;N;N;N;N;N
1335;N;N;N;N;N;N;N;N;N;N;N;N;N;N;N;N;N;N;S;N;N;N;N;N;N;N;N;N;N
1336;N;N;N;N;N;N;N;N;N;N;N;N;N;N;N;N;N;N;S;N;N;N;N;N;N;N;N;N;N
1337;N;N;N;N;N;N;N;N;N;N;N;N;N;N;N;N;N;N;S;N;N;N;N;N;N;N;N;N;N
1338;N;N;N;N;N;N;N;N;N;N;N;N;N;N;N;N;N;N;S;N;N;N;N;N;N;N;N;N;N
1339;N;N;N;N;N;N;N;N;N;N;N;N;N;N;N;N;N;N;S;N;N;N;N;N;N;N;N;N;N
134;S;N;N;N;N;N;N;N;N;N;N;N;N;N;N;N;N;N;N;N;N;N;N;N;N;N;N;N;N
1340;N;N;N;N;N;N;N;N;N;N;N;N;N;N;N;N;N;N;S;N;N;N;N;N;N;N;N;N;N
1341;N;N;N;N;N;N;N;N;N;N;N;N;N;N;N;N;N;N;S;N;N;N;N;N;N;N;N;N;N
1118;S;N;N;N;N;N;N;N;S;N;N;N;N;N;N;N;N;N;N;N;N;N;N;N;N;N;S;S;S
112;S;N;S;N;N;N;N;N;S;N;N;N;N;N;S;N;N;N;N;N;N;N;N;N;N;N;N;N;N
1122;S;N;N;N;N;N;N;N;N;N;N;N;N;N;N;N;N;N;N;N;N;N;N;N;N;N;N;N;N
1124;S;N;N;N;N;N;N;N;S;N;N;N;N;N;N;N;N;N;N;N;N;N;N;N;N;N;N;N;N
1125;N;N;N;N;N;N;N;N;N;N;N;N;N;N;S;N;N;N;N;N;N;N;N;N;N;N;N;N;N
1126;N;N;N;N;N;N;N;N;N;N;N;N;N;N;S;N;N;N;N;N;N;N;N;N;N;N;N;N;N
113;S;N;N;N;N;N;N;N;S;N;N;N;N;N;N;N;N;N;N;N;N;N;N;N;N;N;N;N;N
1137;N;N;N;N;N;N;N;N;N;N;N;N;N;N;N;N;N;N;N;S;N;N;N;N;N;N;N;N;N
11397;S;N;N;N;N;N;N;N;N;N;N;N;N;N;N;N;N;N;N;N;N;N;N;N;N;N;N;N;N
11398;S;S;N;S;N;S;N;N;S;S;N;S;N;N;N;N;N;N;N;N;N;N;N;S;N;S;S;S;S
11399;S;S;N;N;S;N;N;N;S;S;N;N;N;N;N;N;N;N;N;N;N;N;S;N;S;N;S;S;S
114;S;N;N;N;N;N;N;N;N;N;N;N;N;N;N;N;N;N;N;N;N;N;N;N;N;N;N;N;N
11400;N;N;N;N;N;N;N;N;N;N;N;N;N;N;N;N;S;N;N;N;N;N;N;N;N;N;N;N;N
11427;N;N;N;N;N;N;N;N;N;N;N;N;N;N;N;N;N;N;N;N;N;N;N;N;N;N;S;S;S
1145;N;N;N;N;N;N;N;N;N;N;N;N;N;N;N;S;S;N;N;N;N;N;N;N;N;N;N;N;N
115;S;N;N;N;N;N;N;N;N;N;N;N;N;N;N;N;N;N;N;N;N;N;N;N;N;N;N;N;N
11525;N;N;N;N;N;N;N;N;N;N;N;N;N;N;N;N;N;N;N;N;N;N;N;N;N;N;S;S;S
11526;N;N;N;N;N;N;N;N;N;N;N;N;N;N;N;N;N;N;N;N;N;N;N;N;N;N;S;S;S
11527;N;N;N;N;N;N;N;N;N;N;N;N;N;N;N;N;N;N;N;N;N;N;N;N;N;N;S;S;S
11528;N;N;N;N;N;N;N;N;N;N;N;N;N;N;N;N;N;N;N;N;N;N;N;N;N;N;S;S;S
11529;N;N;N;N;N;N;N;N;N;N;N;N;N;N;N;N;N;N;N;N;N;N;N;N;N;N;S;S;S
11530;N;N;N;N;N;N;N;N;N;N;N;N;N;N;N;N;N;N;N;N;N;N;N;N;N;N;S;S;S
11531;N;N;N;N;N;N;N;N;N;N;N;N;N;N;N;N;N;N;N;N;N;N;N;N;N;N;S;S;S
11532;N;N;N;N;N;N;N;N;N;N;N;N;N;N;N;N;N;N;N;N;N;N;N;N;N;N;S;S;S
11533;N;N;N;N;N;N;N;N;N;N;N;N;N;N;N;N;N;N;N;N;N;N;N;N;N;N;N;S;S
11534;N;N;N;N;N;N;N;N;N;N;N;N;N;N;N;N;N;N;N;N;N;N;N;N;N;N;N;S;S
11535;N;N;N;N;N;N;N;N;N;N;N;N;N;N;N;N;N;N;N;N;N;N;N;N;N;N;N;N;S
11536;N;N;N;N;N;N;N;N;N;N;N;N;N;N;N;N;N;N;N;N;N;N;N;N;N;N;N;S;S
11537;N;N;N;N;N;N;N;N;N;N;N;N;N;N;N;N;N;N;N;N;N;N;N;N;N;N;N;S;N
11538;N;N;N;N;N;N;N;N;N;N;N;N;N;N;N;N;N;N;N;N;N;N;N;N;N;N;S;S;S
11539;N;N;N;N;N;N;N;N;N;N;N;N;N;N;N;N;N;N;N;N;N;N;N;N;N;N;N;N;S
11540;N;N;N;N;N;N;N;N;N;N;N;N;N;N;N;N;N;N;N;N;N;N;N;N;N;N;N;S;S
11541;N;N;N;N;N;N;N;N;N;N;N;N;N;N;N;N;N;N;N;N;N;N;N;N;N;N;S;S;S
11542;N;N;N;N;N;N;N;N;N;N;N;N;N;N;N;N;N;N;N;N;N;N;N;N;N;N;N;S;N
11543;N;N;N;N;N;N;N;N;N;N;N;N;N;N;N;N;N;N;N;N;N;N;N;N;N;N;N;S;S
11544;N;N;N;N;N;N;N;N;N;N;N;N;N;N;N;N;N;N;N;N;N;N;N;N;N;N;N;S;S
11545;N;N;N;N;N;N;N;N;N;N;N;N;N;N;N;N;N;N;N;N;N;N;N;N;N;N;N;N;S
11546;N;N;N;N;N;N;N;N;N;N;N;N;N;N;N;N;N;N;N;N;N;N;N;N;N;N;S;S;S
11547;N;N;N;N;N;N;N;N;N;N;N;N;N;N;N;N;N;N;N;N;N;N;N;N;N;N;N;S;S
11548;N;N;N;N;N;N;N;N;N;N;N;N;N;N;N;N;N;N;N;N;N;N;N;N;N;N;N;S;N
11549;N;N;N;N;N;N;N;N;N;N;N;N;N;N;N;N;N;N;N;N;N;N;N;N;N;N;N;N;S
11550;N;N;N;N;N;N;N;N;N;N;N;N;N;N;N;N;N;N;N;N;N;N;N;N;N;N;N;N;S
11551;N;N;N;N;N;N;N;N;N;N;N;N;N;N;N;N;N;N;N;N;N;N;N;N;N;N;N;S;S
11552;N;N;N;N;N;N;N;N;N;N;N;N;N;N;N;N;N;N;N;N;N;N;N;N;N;N;N;S;S
11553;N;N;N;N;S;S;N;N;N;N;N;N;N;N;N;N;N;N;N;N;N;N;N;N;S;S;N;N;N
11555;N;S;N;N;N;S;N;N;N;S;N;N;N;N;N;S;S;N;N;N;N;N;N;S;N;S;N;S;S
11556;N;S;N;S;N;S;N;N;N;S;N;S;N;N;N;S;S;N;N;N;N;N;N;S;N;S;N;S;S
1178;N;S;N;N;N;S;N;N;N;S;N;N;N;N;N;S;S;N;N;S;N;N;N;N;N;S;N;N;N
11787;S;S;S;S;S;S;N;N;S;S;N;N;N;N;N;N;N;N;N;N;N;N;N;N;S;S;N;N;N
11788;S;S;N;N;S;S;N;N;S;S;N;N;N;N;N;N;N;N;N;N;N;N;N;N;S;S;S;S;S
11789;S;S;N;N;S;S;N;N;S;S;N;N;N;N;N;N;N;N;N;N;N;N;N;N;S;S;N;N;N
11790;S;S;N;N;S;S;N;N;S;S;N;N;N;N;N;N;N;N;N;N;N;N;N;N;S;S;N;N;N
11791;N;N;N;N;N;N;N;S;N;N;N;S;S;S;N;N;N;N;N;S;N;N;N;N;N;N;N;N;N
11793;S;S;N;N;S;S;N;N;S;S;N;N;N;N;N;N;N;N;N;N;N;N;S;N;S;S;S;S;S
11794;S;S;N;N;N;N;N;N;N;N;N;N;N;N;N;N;N;N;N;N;N;N;N;N;N;N;N;N;N
11798;S;N;N;N;N;N;N;N;S;N;N;N;N;N;N;N;N;N;N;N;N;N;N;N;N;N;S;S;S
11799;N;N;N;N;S;N;N;N;N;N;N;N;N;N;N;N;N;N;N;N;N;N;S;N;S;N;N;N;N
118;S;S;N;N;N;S;N;N;N;N;N;N;N;N;N;N;N;N;N;N;N;N;N;N;N;S;S;S;S
11800;N;N;N;N;S;N;N;N;N;N;N;N;N;N;N;N;N;N;N;N;N;N;S;N;S;N;N;N;N
11875;S;S;S;N;N;N;S;N;S;S;S;N;N;N;S;S;S;N;N;N;N;N;N;N;N;N;N;N;N
11880;N;N;N;N;N;N;N;N;N;N;N;N;N;N;N;N;N;N;S;N;N;N;N;N;N;N;N;N;N
11881;N;N;N;N;N;N;N;N;N;N;N;N;N;N;N;N;N;N;N;S;N;N;N;N;N;N;N;N;N
11882;N;N;N;N;N;N;N;N;N;N;N;N;N;N;N;N;S;N;N;N;N;N;N;N;N;N;N;N;N
11886;N;N;N;N;N;N;N;N;N;N;N;N;N;N;N;S;S;N;N;N;N;N;N;N;N;N;N;N;N
11887;N;N;N;N;N;N;N;N;N;N;N;N;N;N;N;N;N;N;N;N;N;S;N;N;N;N;N;N;N
11888;N;N;N;N;N;N;N;N;N;N;N;N;N;N;N;N;N;N;N;N;N;S;N;N;N;N;N;N;N
11889;N;N;N;N;N;N;N;N;N;N;N;N;N;N;N;N;N;N;N;N;N;S;N;N;N;N;N;N;N
11890;N;N;N;N;N;N;N;N;N;N;N;N;N;N;N;N;N;N;N;N;N;S;N;N;N;N;N;N;N
11891;N;N;N;N;N;N;N;N;N;N;N;N;N;N;N;N;N;N;N;N;N;S;N;N;N;N;N;N;N
11892;N;N;N;N;N;N;N;N;N;N;N;N;N;N;N;N;N;N;N;N;N;S;N;N;N;N;N;N;N
11893;N;N;N;N;N;N;N;N;N;N;N;N;N;N;N;N;N;N;N;N;N;S;N;N;N;N;N;N;N
11894;N;N;N;N;N;N;N;N;N;N;N;N;N;N;N;N;N;N;N;N;N;S;N;N;N;N;N;N;N
119;S;S;N;N;N;N;N;N;S;S;N;N;N;N;S;S;S;N;N;N;N;N;N;N;N;N;N;N;N
11953;N;N;N;N;N;N;N;N;N;N;N;N;N;N;N;N;N;N;N;N;N;S;N;N;N;N;N;N;N
11955;S;S;S;S;N;N;N;N;S;S;S;S;N;N;N;N;N;N;N;S;N;N;N;N;N;N;S;S;S
11956;N;N;N;N;N;N;N;N;N;N;N;N;N;N;N;N;N;N;N;S;N;N;N;N;N;N;N;N;N
11957;S;S;N;N;N;N;N;N;S;S;S;N;N;N;N;N;N;N;N;N;N;N;N;N;N;N;S;S;S
11976;N;N;N;N;N;N;N;N;N;N;N;N;N;N;N;N;N;N;N;N;N;N;N;N;N;N;N;N;N
1198;N;N;N;N;N;N;N;N;N;N;N;N;N;N;N;N;N;N;N;N;N;N;N;N;N;N;N;N;N
1199;S;S;N;N;S;S;N;N;S;S;N;N;N;N;N;S;S;N;N;N;S;S;S;S;S;S;N;S;S
120;S;S;N;S;S;S;N;N;S;S;N;S;S;S;S;S;S;N;N;N;N;N;N;N;S;S;S;S;S
1202;N;N;N;N;N;N;N;N;N;N;N;N;N;N;N;S;S;N;N;N;N;N;N;N;N;N;N;N;N
12057;N;N;N;N;N;N;N;N;N;N;N;N;N;N;N;N;N;N;N;N;N;N;N;N;N;N;N;N;N
12059;N;N;N;N;N;N;N;N;N;N;N;N;N;N;N;N;N;N;N;N;N;N;N;N;N;N;S;S;S
12060;N;N;N;N;N;N;N;N;N;N;N;N;N;N;N;N;N;N;N;N;N;N;N;N;N;N;S;S;S
12061;N;N;N;N;N;N;N;N;N;N;N;N;N;N;N;N;N;N;N;N;N;N;N;N;N;N;S;S;S
12070;S;S;N;N;N;N;N;N;S;S;N;N;N;N;N;N;N;N;N;N;N;N;N;N;N;N;N;N;N
12071;S;S;N;N;N;N;N;N;S;S;N;N;N;N;N;N;N;N;N;N;N;N;N;N;N;N;N;N;N
12072;S;S;N;N;N;N;N;N;S;S;N;N;N;N;N;N;N;N;N;N;N;N;N;N;N;N;N;N;N
12073;S;S;N;N;N;N;N;N;S;S;N;N;N;N;N;N;N;N;N;N;N;N;N;N;N;N;N;N;N
12074;S;S;N;N;N;N;N;N;S;S;N;N;N;N;N;N;N;N;N;N;N;N;N;N;N;N;N;N;N
12075;S;S;N;N;N;N;N;N;S;S;N;N;N;N;S;S;N;N;N;N;N;N;N;N;N;N;N;N;N
12076;S;N;N;N;N;N;N;N;N;N;N;N;N;N;N;N;N;N;N;N;N;N;N;N;N;N;N;N;N
12077;S;S;N;N;N;N;N;N;S;S;N;N;N;N;N;N;N;N;N;N;N;N;N;N;N;N;S;S;S
12078;S;S;N;N;N;N;S;N;S;S;S;N;N;N;N;N;N;N;N;N;N;N;N;N;N;N;N;N;N
12079;S;S;N;N;N;N;N;N;S;S;N;N;N;N;N;N;N;N;N;N;N;N;N;N;N;N;N;N;N
1208;N;S;N;N;N;S;N;N;N;S;N;N;N;N;N;N;N;N;N;N;N;N;N;S;N;S;N;N;N
12080;S;S;S;S;S;S;S;S;S;S;S;S;S;S;N;N;N;N;N;N;S;N;N;N;S;S;N;N;N
12081;S;S;S;S;S;S;S;S;S;S;S;S;S;S;N;N;N;N;N;N;S;N;N;N;S;S;N;N;N
12082;S;S;N;N;N;N;N;N;S;S;N;N;N;N;N;N;N;N;N;N;N;N;N;N;N;N;N;N;N
12083;S;S;N;N;N;N;N;N;S;S;N;N;N;N;N;N;N;N;N;N;N;N;N;N;N;N;N;N;N
12084;S;S;N;N;N;N;N;N;S;S;N;N;N;N;N;N;N;N;N;N;N;N;N;N;N;N;N;N;N
12085;N;S;N;N;N;S;N;N;N;S;N;N;N;N;N;S;S;N;S;S;N;N;N;N;N;S;N;N;N
12086;S;S;N;N;N;N;N;N;S;S;N;N;N;N;N;N;N;N;N;N;N;N;N;N;N;N;N;N;N
12087;N;S;N;N;N;S;N;N;N;S;N;N;N;N;N;S;N;N;S;N;N;N;N;N;N;S;N;N;N
12088;S;S;N;N;N;N;N;N;S;S;N;N;N;N;N;N;N;N;N;N;N;N;N;N;N;N;N;N;N
12089;N;N;N;N;N;N;N;N;S;N;N;N;N;N;N;N;N;N;N;N;N;N;N;N;N;N;S;S;S
1209;N;N;N;N;N;N;N;N;N;N;N;N;N;N;N;N;N;N;N;N;N;N;N;N;N;N;N;N;N
121;S;N;N;N;N;N;N;N;S;N;N;N;N;N;N;N;N;N;N;N;N;N;N;N;N;N;N;N;N
12117;N;N;N;N;N;N;N;N;N;N;N;N;N;N;N;N;N;N;S;N;N;N;N;N;N;N;N;N;N
12118;N;N;N;N;N;N;N;N;N;N;N;N;N;N;N;N;S;N;N;S;N;N;N;N;N;N;N;N;N
12119;S;S;S;S;N;N;S;N;S;S;S;S;N;N;S;S;S;N;S;S;N;N;N;N;N;N;N;N;N
12120;S;N;N;N;N;N;N;N;N;N;N;N;N;N;N;N;N;N;N;N;N;N;N;N;N;N;N;N;N
12121;S;S;S;N;S;S;N;N;S;S;S;N;N;N;N;N;N;N;S;S;N;N;S;S;S;S;S;S;S
12122;N;S;N;S;N;S;N;N;N;S;N;S;N;N;N;N;N;N;S;S;N;N;N;S;N;S;S;S;S
12123;S;N;N;N;S;N;N;N;S;N;N;N;N;N;N;N;N;N;N;N;N;N;S;N;S;N;S;S;S
12125;S;N;N;N;N;N;N;N;S;N;N;N;N;N;N;N;N;N;N;N;N;N;S;N;S;N;S;S;S
12126;S;N;N;N;S;N;N;N;S;N;N;N;N;N;N;N;N;N;N;N;N;N;S;N;S;N;S;S;S
12127;S;N;N;N;S;N;N;N;S;N;N;N;N;N;N;N;N;N;N;N;N;N;S;N;S;N;N;N;N
12128;S;N;N;N;S;N;N;N;S;N;N;N;N;N;N;N;N;N;N;N;N;N;S;N;S;N;S;S;S
12129;S;N;N;N;S;N;N;N;S;N;N;N;N;N;N;N;N;N;N;N;N;N;S;N;S;N;S;S;S
12132;N;N;N;N;N;N;N;N;N;N;N;N;N;N;N;N;S;N;N;N;N;N;N;N;N;N;N;N;N
12133;S;S;S;S;S;S;S;S;S;S;S;S;S;S;S;S;S;S;S;S;S;S;S;S;S;S;S;S;S
12134;S;S;S;S;S;S;S;S;S;S;S;S;S;S;S;S;S;S;S;S;S;S;S;S;S;S;S;S;S
12135;S;S;S;S;S;S;S;S;S;S;S;S;S;S;S;S;S;S;S;S;S;S;S;S;S;S;S;S;S
12136;S;S;S;N;S;S;N;N;S;S;S;N;N;N;S;S;S;N;S;S;N;N;N;N;S;S;N;N;N
12137;S;N;N;N;N;N;N;N;N;N;N;N;N;N;N;N;N;N;N;N;N;N;N;N;N;N;N;N;N
12138;S;N;N;N;N;N;N;N;N;N;N;N;N;N;N;N;N;N;N;N;N;N;N;N;N;N;N;N;N
12139;S;N;N;N;S;N;N;N;S;N;N;N;N;N;N;N;N;N;N;N;N;N;N;N;S;N;N;N;N
12153;S;N;N;N;N;N;N;N;S;N;N;N;N;N;N;N;N;N;N;N;N;N;N;N;N;N;N;N;N
12154;S;N;S;N;N;N;N;N;S;N;S;N;N;N;N;N;N;N;N;N;N;N;N;N;N;N;N;N;N
12190;N;N;N;N;N;N;N;N;N;N;N;N;N;N;N;N;N;N;S;N;N;N;N;N;N;N;N;N;N
12191;N;N;N;N;N;N;N;N;N;N;N;N;N;N;N;N;N;N;S;N;N;N;N;N;N;N;N;N;N
12192;N;N;N;N;N;N;N;N;N;N;N;N;N;N;N;N;N;N;S;N;N;N;N;N;N;N;N;N;N
12193;N;N;N;N;N;N;N;N;N;N;N;N;N;N;N;N;N;N;N;N;N;N;N;N;N;N;S;S;S
122;N;N;N;N;N;N;N;N;S;N;N;N;N;N;N;N;N;N;N;N;N;N;N;N;N;N;N;N;N
12226;S;S;N;N;S;S;N;N;S;S;N;N;N;N;S;S;S;N;S;S;N;N;N;N;S;S;S;S;S
12227;S;S;N;N;S;S;N;N;S;S;N;N;N;N;S;S;S;N;S;S;N;N;N;N;S;S;S;S;S
12228;S;S;N;N;S;S;N;N;S;S;N;N;N;N;S;S;S;N;S;S;N;N;N;N;S;S;S;S;S
12229;S;S;N;N;N;N;N;N;S;S;N;N;N;N;N;N;N;N;S;S;N;N;N;N;N;N;N;N;N
12230;S;S;N;N;N;N;N;N;N;N;N;N;N;N;N;N;N;N;S;S;N;N;N;N;N;N;N;N;N
12231;S;S;N;N;N;N;N;N;N;N;N;N;N;N;N;N;N;N;N;N;N;N;N;N;N;N;N;N;N
12232;S;N;N;N;N;N;N;N;N;N;N;N;N;N;N;N;N;N;N;N;N;N;N;N;N;N;N;N;N
12233;S;S;N;N;N;N;N;N;N;N;N;N;N;N;N;N;N;N;S;S;N;N;N;N;N;N;N;N;N
12234;S;S;N;N;N;N;N;N;N;N;N;N;N;N;N;N;N;N;S;S;N;N;N;N;N;N;N;N;N
12246;S;S;N;N;N;N;N;N;N;N;N;N;N;N;N;N;N;N;N;N;N;N;N;N;N;N;N;N;N
12247;S;S;N;N;N;N;N;N;N;N;N;N;N;N;N;N;N;N;N;N;N;N;N;N;N;N;N;N;N
12248;N;S;N;N;N;N;N;N;N;S;N;N;N;N;N;S;S;N;S;S;N;N;N;S;N;S;N;S;S
12249;N;N;N;N;N;N;N;N;N;N;N;N;N;N;N;N;N;N;S;N;N;N;N;N;N;N;N;N;N
12250;N;N;N;N;N;N;N;N;N;N;N;N;N;N;N;N;N;N;N;S;N;N;N;N;N;N;N;N;N
12251;S;S;N;N;N;N;N;N;S;S;N;N;N;N;N;N;N;N;N;N;N;N;N;N;N;N;N;N;N
123;S;N;N;N;N;N;N;N;N;N;N;N;N;N;N;N;N;N;N;N;N;N;N;N;N;N;N;N;N
1230;S;S;S;S;S;S;S;N;S;S;S;S;N;S;S;S;S;N;N;N;S;N;N;N;S;S;S;S;S
1231;S;S;S;S;S;S;S;N;S;S;S;S;N;S;S;S;S;N;N;N;S;N;N;N;S;S;S;S;S
1232;S;S;S;N;S;S;S;N;S;S;S;S;N;N;S;S;S;N;N;N;N;N;N;N;S;S;N;N;N
1233;N;N;N;N;N;N;N;N;N;N;N;N;N;N;N;N;S;N;N;N;N;N;N;N;N;N;N;N;N
12357;N;S;N;N;N;S;N;N;N;S;N;N;N;N;N;N;N;N;N;N;N;N;N;N;N;S;N;N;N
12369;S;S;S;S;N;N;S;S;N;N;N;N;N;N;N;N;N;N;S;S;N;N;N;N;N;N;N;N;N
12370;S;S;S;S;N;N;S;S;N;N;N;N;N;N;N;N;N;N;S;S;N;N;N;N;N;N;N;N;N
12371;S;N;N;N;N;N;N;N;N;N;N;N;N;N;N;N;N;N;N;N;N;N;N;N;N;N;N;N;N
12372;S;N;N;N;N;N;N;N;N;N;N;N;N;N;N;N;N;N;N;N;N;N;N;N;N;N;N;N;N
12373;S;N;N;N;N;N;N;N;N;N;N;N;N;N;N;N;N;N;N;N;N;N;N;N;N;N;N;N;N
12374;S;N;S;N;N;N;N;N;S;N;N;N;N;N;S;N;N;N;N;N;N;N;N;N;N;N;N;N;N
12375;N;S;N;N;N;N;N;N;N;S;N;N;N;N;N;S;N;N;S;S;N;N;N;N;N;S;N;S;S
12376;S;N;N;N;N;N;N;N;S;N;N;N;N;N;N;N;N;N;N;N;N;N;N;N;N;N;N;N;N
12377;N;N;N;N;N;N;N;N;N;N;N;N;N;N;N;N;N;N;N;N;N;N;N;N;N;N;S;S;S
12386;N;N;N;N;N;N;N;N;N;N;N;N;N;N;N;N;N;N;N;N;N;N;N;N;N;N;N;N;N
12388;N;N;N;N;N;N;N;N;N;N;N;N;N;N;N;N;N;N;N;N;N;N;N;N;N;N;N;N;N
12389;N;N;N;N;N;N;N;N;N;N;N;N;N;N;N;N;N;N;N;N;N;N;N;N;N;N;N;N;N
12391;N;N;N;N;N;N;N;N;N;N;N;N;N;N;N;S;S;N;N;N;N;N;N;N;N;N;N;N;N
12394;N;S;N;S;N;N;N;N;N;S;N;S;N;N;N;S;N;N;N;N;N;N;N;S;N;S;S;S;S
124;S;N;N;N;N;N;N;N;S;N;N;N;N;N;N;N;N;N;N;N;N;N;N;N;N;N;N;N;N
12423;S;S;N;N;N;N;N;N;N;N;N;N;N;N;N;N;N;N;S;S;N;N;N;N;N;N;N;N;N
12424;S;S;N;N;N;N;N;N;N;N;N;N;N;N;N;N;N;N;S;S;N;N;N;N;N;N;N;N;N
12464;N;N;N;N;N;N;N;N;N;N;N;N;N;N;N;N;N;N;N;N;N;N;N;N;N;N;N;S;S
12465;N;N;N;N;N;N;N;N;N;N;N;N;N;N;N;N;N;N;N;N;N;N;N;N;N;N;S;S;S
12466;N;N;N;N;N;N;N;N;N;N;N;N;N;N;N;N;N;N;N;N;N;N;N;N;N;N;S;S;S
12541;S;N;N;N;N;N;N;N;N;N;N;N;N;N;N;N;N;N;S;S;N;N;N;N;N;N;N;N;N
12549;N;N;N;N;N;N;N;N;N;N;N;N;N;N;N;N;N;N;N;N;N;N;N;N;N;N;S;N;N
12550;N;N;N;N;N;N;N;N;N;N;N;N;N;N;N;N;N;N;N;N;N;N;N;N;N;N;S;N;N
12551;N;N;N;N;N;N;N;N;N;N;N;N;N;N;N;N;N;N;N;N;N;N;N;N;N;N;N;N;N
12552;N;N;N;N;N;N;N;N;N;N;N;N;N;N;N;N;N;N;N;N;N;N;N;N;N;N;S;S;S
12553;N;N;N;N;N;N;N;N;N;N;N;N;N;N;N;N;N;N;N;N;N;N;N;N;N;N;S;S;S
12554;N;N;N;N;N;N;N;N;N;N;N;N;N;N;N;N;N;N;N;N;N;N;N;N;N;N;S;N;N
12555;N;N;N;N;N;N;N;N;N;N;N;N;N;N;N;N;N;N;N;N;N;N;N;N;N;N;S;N;N
12556;N;N;N;N;N;N;N;N;N;N;N;N;N;N;N;N;N;N;N;N;N;N;N;N;N;N;S;N;N
12557;N;N;N;N;N;N;N;N;N;N;N;N;N;N;N;N;N;N;N;N;N;N;N;N;N;N;S;N;N
12558;N;N;N;N;N;N;N;N;N;N;N;N;N;N;N;N;N;N;N;N;N;N;N;N;N;N;S;S;S
100;S;N;N;N;N;N;N;N;S;N;N;N;N;N;N;N;N;N;N;N;N;N;N;N;N;N;N;N;N
1000;N;N;N;N;N;N;N;N;N;N;N;N;N;N;N;S;S;N;N;N;N;N;N;N;N;N;N;N;N
1001;N;N;N;N;N;N;N;N;N;S;N;N;N;N;S;S;N;N;N;N;N;N;N;N;N;N;N;N;N
1002;N;N;N;N;N;N;N;N;N;N;N;N;N;N;N;S;S;N;N;N;N;N;N;N;N;N;N;N;N
1003;N;N;N;N;N;N;N;N;N;N;N;N;N;N;S;S;S;N;N;N;N;N;N;N;N;N;N;N;N
1004;N;N;N;N;N;N;N;N;N;S;N;N;N;N;N;S;S;N;N;N;N;N;N;N;N;N;N;N;N
1005;N;N;N;N;N;N;N;N;N;N;N;N;N;N;N;S;N;N;N;N;N;N;N;N;N;N;N;N;N
1006;N;N;N;N;N;N;N;N;N;N;N;N;N;N;N;N;S;N;N;N;N;N;N;N;N;N;N;N;N
1007;N;N;N;N;N;N;N;N;N;N;N;N;N;N;N;N;S;N;N;N;N;N;N;N;N;N;N;N;N
1008;N;N;N;N;N;N;N;N;N;N;N;N;N;N;N;N;S;N;N;N;N;N;N;N;N;N;N;N;N
1009;N;N;N;N;N;N;N;N;N;N;N;N;N;N;N;S;S;N;N;N;N;N;N;N;N;N;N;N;N
1013;N;N;N;N;N;N;N;N;N;N;N;N;N;N;N;N;N;N;N;S;N;N;N;N;N;N;N;N;N
1015;N;N;N;N;N;N;N;N;N;N;N;N;N;N;N;N;N;N;N;S;N;N;N;N;N;N;N;N;N
1016;N;N;N;N;N;N;N;N;N;N;N;N;N;N;N;N;N;N;N;S;N;N;N;N;N;N;N;N;N
1017;N;N;N;N;N;N;N;N;N;N;N;N;N;N;N;N;N;N;N;S;N;N;N;N;N;N;N;N;N
1018;N;N;N;N;N;N;N;N;N;N;N;N;N;N;N;N;N;N;N;S;N;N;N;N;N;N;N;N;N
1019;N;N;N;N;N;N;N;N;N;N;N;N;N;N;N;N;N;N;N;S;N;N;N;N;N;N;N;N;N
1020;N;N;N;N;N;N;N;N;N;N;N;N;N;N;N;N;N;N;N;S;N;N;N;N;N;N;N;N;N
1021;N;N;N;N;N;N;N;N;N;N;N;N;N;N;N;N;N;N;N;S;N;N;N;N;N;N;N;N;N
1022;N;N;N;N;N;N;N;N;N;N;N;N;N;N;N;N;N;N;N;S;N;N;N;N;N;N;N;N;N
1023;N;N;N;N;N;N;N;N;N;N;N;N;N;N;N;N;N;N;N;S;N;N;N;N;N;N;N;N;N
1024;N;N;N;N;N;N;N;N;N;N;N;N;N;N;N;N;N;N;N;S;N;N;N;N;N;N;N;N;N
1025;N;N;N;N;N;N;N;N;N;N;N;N;N;N;N;N;N;N;N;S;N;N;N;N;N;N;N;N;N
293;S;S;S;N;N;N;N;N;S;S;S;N;N;N;N;N;N;N;N;N;N;N;N;N;N;N;S;S;S
294;S;S;S;N;N;N;N;N;N;N;N;N;N;N;N;N;N;N;N;N;N;N;N;N;N;N;S;S;S
295;S;S;S;N;N;N;N;N;N;N;N;N;N;N;N;N;N;N;N;N;N;N;N;N;N;N;S;S;S
297;S;S;S;N;N;N;N;N;S;N;N;N;N;N;N;N;N;N;N;N;N;N;N;N;N;N;S;S;S
299;N;N;S;N;N;N;N;N;N;N;S;N;N;N;N;N;N;N;N;N;N;N;N;N;N;N;N;N;N
30;S;N;N;N;N;N;N;N;N;N;N;N;N;N;N;N;N;N;N;N;N;N;N;N;N;N;N;N;N
300;S;S;S;N;N;N;N;N;S;N;N;N;N;N;N;N;N;N;N;N;N;N;N;N;N;N;S;S;S
302;S;S;S;N;N;N;N;N;N;N;S;N;N;N;N;N;N;N;N;N;N;N;N;N;N;N;S;S;S
303;N;N;N;N;N;N;N;N;N;N;N;N;N;N;N;N;N;N;N;N;N;N;N;N;N;N;S;S;S
304;N;N;N;N;N;N;N;N;N;N;N;N;N;N;N;N;N;N;N;N;N;N;N;N;N;N;S;S;S
305;S;S;S;N;S;S;N;N;S;S;N;N;N;N;N;N;N;N;N;N;N;N;S;S;S;S;S;S;S
306;S;S;S;N;S;S;N;N;N;N;N;N;N;N;N;N;N;N;N;N;N;N;S;S;S;S;S;S;S
307;S;S;S;S;S;S;N;N;S;S;S;S;N;N;N;N;N;N;N;N;N;N;N;S;S;S;S;S;S
308;N;N;N;N;N;N;N;N;N;N;N;N;N;N;N;N;N;N;N;S;N;N;N;N;N;N;S;S;S
309;S;S;S;N;S;S;N;N;S;S;N;N;N;N;N;N;N;N;N;N;N;N;S;S;S;S;S;S;S
31;S;N;N;N;N;N;N;N;N;N;N;N;N;N;N;N;N;N;N;N;N;N;N;N;N;N;N;N;N
310;S;S;S;N;S;S;N;N;S;S;S;N;N;N;N;N;N;N;S;S;N;N;S;S;S;S;S;S;S
311;S;S;N;N;S;S;N;N;S;N;N;N;N;N;N;N;N;N;N;N;N;N;S;S;S;S;S;S;S
312;N;N;N;N;N;N;N;N;N;N;N;N;N;N;N;N;N;N;N;N;N;N;N;N;N;N;S;S;S
313;S;S;S;N;S;S;N;N;S;S;N;N;N;N;N;N;N;N;N;N;N;N;S;S;S;S;S;S;S
314;S;S;N;N;S;S;N;N;S;S;N;N;N;N;N;N;N;N;N;N;N;N;S;S;S;S;S;S;S
315;N;N;N;N;N;N;N;N;S;N;N;N;N;N;N;N;N;N;N;N;N;N;N;N;N;N;N;N;N
316;N;N;N;N;N;N;N;N;N;N;N;N;N;N;N;N;N;N;N;N;N;N;N;N;N;N;S;S;S
317;N;N;N;N;N;N;N;N;N;N;N;N;N;N;N;N;N;N;N;N;N;N;N;N;N;N;S;S;S
318;S;S;S;S;S;S;N;N;S;S;N;N;N;N;N;N;N;N;N;N;N;N;S;S;S;S;S;S;S
319;S;S;S;S;S;S;N;N;S;S;N;N;N;N;N;N;N;N;N;N;N;N;S;S;S;S;S;S;S
32;S;S;N;N;S;S;N;N;S;N;N;N;N;N;S;N;N;N;N;N;N;N;N;N;S;S;N;N;N
320;S;S;S;S;S;S;N;N;S;S;N;N;N;N;N;N;N;N;N;N;N;N;S;S;S;S;S;S;S
321;S;S;S;S;N;N;N;N;S;S;N;N;N;N;N;N;N;N;N;N;N;N;N;N;N;N;S;S;S
322;S;S;S;S;S;S;N;N;S;S;N;N;N;N;N;N;N;N;N;N;N;N;S;S;S;S;S;S;S
323;S;S;S;S;S;S;N;N;S;S;N;N;N;N;N;N;N;N;N;N;N;N;S;S;S;S;S;S;S
324;S;S;S;S;S;S;N;N;S;S;N;N;N;N;N;N;N;N;N;N;N;N;S;S;S;S;S;S;S
325;N;S;N;S;N;S;N;N;N;S;N;S;N;N;N;N;N;N;N;N;N;N;N;N;N;N;S;S;S
326;S;S;S;S;S;S;N;N;S;S;N;N;N;N;N;N;N;N;S;S;N;N;S;S;S;S;S;S;S
327;S;S;S;N;S;S;N;N;S;S;N;N;N;N;N;N;N;N;N;N;N;N;S;S;S;S;S;S;S
328;N;N;N;N;N;N;N;N;S;S;N;N;N;N;N;N;N;N;N;N;N;N;N;N;N;N;N;N;N
329;S;S;N;N;S;S;N;N;S;S;N;N;N;N;N;N;N;N;N;N;N;N;S;S;S;S;S;S;S
330;S;S;N;N;S;S;N;N;S;S;N;N;N;N;N;N;N;N;N;N;N;N;S;S;S;S;S;S;S
331;S;S;N;N;N;N;N;N;S;N;N;N;N;N;N;N;N;N;N;S;N;N;N;N;N;N;S;S;S
332;S;S;N;N;S;S;N;N;S;S;N;N;N;N;N;N;N;N;N;N;N;N;S;S;S;S;S;S;S
333;S;S;N;N;S;S;N;N;S;S;N;N;N;N;N;N;N;N;N;N;N;N;S;S;S;S;S;S;S
334;N;N;N;N;N;N;N;N;N;N;N;N;N;N;N;N;N;N;N;N;N;N;N;N;N;N;S;S;S
335;S;S;S;S;S;S;N;N;S;S;N;N;N;N;N;N;N;N;N;N;N;N;S;S;S;S;S;S;S
34;S;N;N;N;N;N;N;N;S;N;N;N;N;N;N;N;N;N;N;N;N;N;N;N;N;N;N;N;N
35;S;N;N;N;N;N;N;N;S;N;N;N;N;N;N;N;N;N;N;N;N;N;N;N;N;N;N;N;N
355;S;S;S;S;S;S;N;N;S;S;S;N;N;N;N;N;N;N;N;N;N;N;S;N;S;S;S;S;S
37;S;S;S;N;S;S;N;N;S;S;N;N;N;N;S;S;S;N;N;N;N;N;N;N;S;S;S;S;S
375;N;N;N;N;N;N;N;N;S;N;N;N;N;N;N;N;N;N;N;N;N;N;N;N;N;N;S;S;S
38;S;S;N;N;S;S;N;N;S;S;N;N;N;N;N;N;N;N;N;N;N;N;N;N;S;S;N;N;N
385;N;N;N;N;N;N;N;N;N;N;N;N;N;N;N;N;N;N;N;N;N;N;N;N;N;N;S;S;S
386;S;S;S;N;S;S;N;N;S;S;S;N;N;N;N;N;N;N;N;N;N;N;S;S;S;S;S;S;S
39;S;N;N;N;N;N;N;N;N;N;N;N;N;N;N;N;N;N;N;N;N;N;N;N;N;N;N;N;N
40;S;N;N;N;N;N;N;N;S;N;N;N;N;N;S;N;N;N;N;N;N;N;N;N;N;N;N;N;N
406;S;S;N;N;N;N;N;N;N;N;N;N;N;N;N;N;N;N;N;N;N;N;N;N;N;N;S;S;S
407;S;S;N;N;S;S;N;N;S;S;N;N;N;N;N;N;N;N;N;N;N;N;S;S;S;S;S;S;S
408;S;S;N;N;S;S;N;N;S;S;N;N;N;N;N;N;N;N;N;N;N;N;S;S;S;S;S;S;S
409;S;S;N;N;S;S;N;N;S;S;N;N;N;N;N;N;N;N;N;N;N;N;S;S;S;S;S;S;S
41;S;N;N;N;N;N;N;N;S;N;N;N;N;N;N;N;N;N;N;N;N;N;N;N;N;N;N;N;N
410;S;S;N;N;S;S;N;N;S;S;N;N;N;N;N;N;N;N;N;N;N;N;S;S;S;S;S;S;S
411;S;S;N;N;S;S;N;N;S;S;N;N;N;N;N;N;N;N;N;N;N;N;S;S;S;S;S;S;S
412;N;N;N;N;N;N;N;N;N;N;N;N;N;N;N;N;N;N;N;N;N;N;N;N;N;N;S;S;S
413;S;S;N;N;S;S;N;N;S;S;N;N;N;N;N;N;N;N;N;N;N;N;S;N;S;S;S;S;S
416;N;S;N;N;N;N;N;N;N;S;N;N;N;N;N;N;N;N;N;N;N;N;N;N;N;N;N;N;N
417;N;S;N;S;N;S;N;N;N;S;N;S;N;N;N;N;N;N;N;N;N;N;N;S;N;S;S;S;S
418;N;S;N;S;S;S;N;N;S;S;N;S;N;N;N;N;N;N;N;N;N;N;N;N;S;S;S;S;S
419;N;S;N;S;N;N;N;N;N;S;N;S;N;N;N;N;N;N;N;N;N;N;N;N;N;N;S;S;S
420;S;S;S;S;S;S;N;N;N;N;N;N;N;N;N;N;N;N;N;N;N;N;N;S;S;S;S;S;S
421;N;S;N;N;N;S;N;N;N;S;N;N;N;N;N;N;N;N;N;N;N;N;N;S;N;S;S;S;S
422;S;N;N;N;N;N;N;N;N;N;N;N;N;N;N;N;N;N;N;N;N;N;N;N;N;N;N;N;N
424;N;N;N;N;N;N;N;N;N;N;N;N;N;N;N;N;N;N;N;N;N;N;N;N;N;N;S;S;S
425;N;N;N;S;N;N;N;N;N;N;N;S;N;N;N;N;N;N;N;N;N;N;N;N;N;N;N;N;N
426;N;S;N;N;N;S;N;N;N;S;N;N;N;N;N;N;N;N;N;N;N;N;N;S;N;S;S;S;S
427;N;S;N;S;N;S;N;N;N;S;N;S;N;N;N;N;N;N;N;N;N;N;N;S;N;S;S;S;S
428;N;S;N;S;N;S;N;N;N;S;N;S;N;N;N;N;N;N;N;N;N;N;N;S;N;S;N;S;S
432;N;S;N;N;N;S;N;N;N;S;N;N;N;N;N;N;N;N;N;N;N;N;N;S;N;S;S;S;S
433;N;S;N;N;N;S;N;N;N;S;N;N;S;S;N;N;N;N;N;S;S;N;N;N;N;S;N;N;N
436;N;N;S;N;N;N;S;N;N;N;S;N;N;N;N;N;N;N;N;N;N;N;N;N;N;N;N;N;N
44;S;N;N;N;N;N;N;N;S;N;N;N;N;N;S;N;N;N;N;N;N;N;N;N;N;N;N;N;N
45;S;N;N;N;N;N;N;N;S;N;N;N;N;N;S;N;N;N;N;N;N;N;N;N;N;N;N;N;N
457;N;N;N;N;N;N;N;S;N;N;N;S;S;S;N;N;N;N;N;N;S;N;N;N;N;N;N;N;N
46;S;S;S;S;S;S;N;N;S;S;S;S;N;S;S;S;S;N;N;S;S;S;N;N;S;S;N;N;N
460;N;N;N;S;N;N;N;N;N;N;N;S;N;N;N;N;N;N;N;N;N;N;N;N;N;N;N;N;N
47;N;S;N;N;N;S;N;N;N;S;N;N;N;N;N;S;S;N;N;N;N;N;N;N;N;S;N;S;S
48;S;N;N;N;N;N;N;N;N;N;N;N;N;N;N;N;N;N;N;N;N;N;N;N;N;N;N;N;N
49;S;N;N;N;N;N;N;N;S;N;N;N;N;N;N;N;N;N;N;N;N;N;N;N;N;N;N;N;N
5;N;N;N;N;N;N;N;N;N;N;N;N;N;N;N;N;N;N;N;N;N;N;N;N;N;N;N;N;N
50;N;N;N;N;N;N;N;N;N;N;N;N;N;N;N;N;N;N;N;N;N;N;N;N;N;N;N;N;N
51;S;N;N;N;N;N;N;N;N;N;N;N;N;N;N;N;N;N;N;N;N;N;N;N;N;N;N;N;N
52;S;N;N;N;S;N;N;N;S;N;N;N;N;N;N;N;N;N;N;N;N;N;N;N;S;N;N;N;N
53;S;N;N;N;N;N;N;N;N;N;N;N;N;N;N;N;N;N;N;N;N;N;N;N;N;N;N;N;N
54;S;N;N;N;N;N;N;N;N;N;N;N;N;N;N;N;N;N;N;N;N;N;N;N;N;N;N;N;N
547;N;N;N;N;N;N;N;N;N;N;N;N;N;N;N;N;N;N;N;N;N;N;N;N;N;N;N;N;N
55;S;N;N;N;N;N;N;N;S;N;N;N;N;N;N;N;N;N;N;N;N;N;N;N;N;N;N;N;N
56;S;N;N;N;N;N;N;N;S;N;N;N;N;N;N;N;N;N;N;N;N;N;N;N;N;N;N;N;N
57;S;N;N;N;N;N;N;N;N;N;N;N;N;N;N;N;N;N;N;N;N;N;N;N;N;N;N;N;N
58;S;N;N;N;N;N;N;N;N;N;N;N;N;N;N;N;N;N;N;N;N;N;N;N;N;N;N;N;N
59;S;N;N;N;N;N;N;N;S;N;N;N;N;N;N;N;N;N;N;N;N;N;N;N;N;N;N;N;N
60;S;N;N;N;N;N;N;N;N;N;N;N;N;N;N;N;N;N;N;N;N;N;N;N;N;N;N;N;N
61;S;N;N;N;N;N;N;N;N;N;N;N;N;N;N;N;N;N;N;N;N;N;N;N;N;N;N;N;N
62;N;N;N;N;N;N;N;N;N;N;N;N;N;N;N;N;N;N;N;N;N;N;N;N;N;N;N;N;N
63;S;N;N;N;N;N;N;N;S;S;N;N;N;N;S;N;N;N;N;N;N;N;N;N;N;N;N;N;N
64;S;S;N;N;S;S;N;N;S;S;N;N;N;N;N;N;N;N;N;N;N;N;N;N;S;S;N;N;N
65;S;S;N;N;N;N;N;N;S;S;N;N;N;N;S;S;N;N;S;S;N;N;N;N;N;N;N;N;N
66;S;S;N;N;N;N;N;N;S;S;N;N;N;N;N;N;N;N;S;S;N;N;N;N;N;N;N;N;N
69;S;N;N;N;N;N;N;N;S;N;S;N;N;N;N;N;N;N;N;N;N;N;N;N;N;N;N;N;N
7;S;S;N;N;S;N;N;N;S;S;N;N;N;N;N;N;N;N;N;N;N;N;N;N;S;N;N;N;N
72;S;N;N;N;N;N;N;N;N;N;N;N;N;N;N;N;N;N;N;N;N;N;N;N;N;N;N;N;N
74;S;N;S;N;N;N;N;N;N;N;N;N;N;N;S;N;N;N;N;N;N;N;N;N;N;N;N;N;N
76;S;N;N;N;N;N;N;N;S;N;N;N;N;N;N;N;N;N;N;N;N;N;N;N;N;N;N;N;N
77;S;N;N;N;N;N;N;N;S;N;N;N;N;N;N;N;N;N;N;N;N;N;N;N;N;N;N;N;N
79;S;N;N;N;N;N;N;N;S;N;N;N;N;N;N;N;N;N;N;N;N;N;N;N;N;N;N;N;N
80;S;N;N;N;N;N;N;N;S;N;N;N;N;N;N;N;N;N;N;N;N;N;N;N;N;N;N;N;N
81;S;N;N;N;N;N;N;N;S;N;N;N;N;N;N;N;N;N;N;N;N;N;N;N;N;N;N;N;N
82;N;N;N;N;N;N;N;N;S;N;N;N;N;N;N;N;N;N;N;N;N;N;N;N;N;N;N;N;N
83;S;N;N;N;N;N;N;N;S;N;N;N;N;N;N;N;N;N;N;N;N;N;N;N;N;N;S;S;S
84;S;N;N;N;N;N;N;N;S;N;N;N;N;N;N;N;N;N;N;N;N;N;N;N;N;N;N;N;N
85;S;N;N;N;N;N;N;N;S;N;N;N;N;N;N;N;N;N;N;N;N;N;N;N;N;N;N;N;N
86;S;N;N;N;N;N;N;N;S;N;N;N;N;N;N;N;N;N;N;N;N;N;N;N;N;N;N;N;N
87;S;N;N;N;N;N;N;N;N;N;N;N;N;N;N;N;N;N;N;N;N;N;N;N;N;N;N;N;N
88;N;S;N;N;S;S;N;N;N;S;N;N;N;N;N;S;S;N;N;N;S;N;S;N;S;S;N;N;N
89;S;N;N;N;N;N;N;N;S;N;N;N;N;N;N;N;N;N;N;N;N;N;N;N;N;N;N;N;N
90;S;N;N;N;N;N;N;N;S;N;N;N;N;N;N;N;N;N;N;N;N;N;N;N;N;N;N;N;N
91;S;N;N;N;N;N;N;N;S;N;N;N;N;N;N;N;N;N;N;N;N;N;N;N;N;N;N;N;N
92;S;N;S;N;N;N;N;N;S;N;N;N;N;N;N;N;N;N;N;N;N;N;N;N;N;N;N;N;N
93;S;N;S;N;N;N;N;N;S;N;N;N;N;N;N;N;N;N;N;N;N;N;N;N;N;N;N;N;N
94;S;N;S;N;N;N;N;N;S;N;N;N;N;N;N;N;N;N;N;N;N;N;N;N;N;N;N;N;N
95;N;S;N;N;N;N;N;N;N;N;N;N;N;N;N;N;N;N;N;N;N;N;N;N;N;N;N;N;N
96;S;N;N;N;N;N;N;N;S;N;N;N;N;N;N;N;N;N;N;N;N;N;N;N;N;N;N;N;N
97;S;N;N;N;N;N;N;N;S;N;N;N;N;N;N;N;N;N;N;N;N;N;N;N;N;N;N;N;N
976;N;N;N;N;N;N;N;N;N;N;N;N;N;N;N;S;S;N;N;N;N;N;N;N;N;N;N;N;N
98;S;N;N;N;N;N;N;N;N;N;N;N;N;N;N;N;N;N;N;N;N;N;N;N;N;N;N;N;N
980;N;N;N;N;N;N;N;N;N;N;N;N;N;N;S;N;S;N;N;N;N;N;N;N;N;N;N;N;N
985;N;N;N;N;N;N;N;N;N;N;N;N;N;N;S;S;S;N;N;N;N;N;N;N;N;N;N;N;N
986;N;N;N;N;N;N;N;N;N;N;N;N;N;N;S;N;N;N;N;N;N;N;N;N;N;N;N;N;N
987;S;S;N;N;N;N;N;N;N;N;N;N;N;N;N;S;S;N;N;N;N;N;N;N;N;N;N;N;N
988;N;S;N;N;N;N;N;N;N;S;N;N;N;N;N;S;S;N;N;N;N;N;N;N;N;N;N;N;N
99;S;N;N;N;N;N;N;N;N;N;N;N;N;N;N;N;N;N;N;N;N;N;N;N;N;N;N;N;N
990;N;N;N;N;N;N;N;N;N;N;N;N;N;N;S;N;N;N;N;N;N;N;N;N;N;N;N;N;N
991;N;N;N;N;N;N;N;N;N;N;N;N;N;N;S;N;N;N;N;N;N;N;N;N;N;N;N;N;N
992;N;N;N;N;N;N;N;N;N;N;N;N;N;N;S;N;N;N;N;N;N;N;N;N;N;N;N;N;N
993;N;N;N;N;N;N;N;N;N;N;N;N;N;N;S;N;N;N;N;N;N;N;N;N;N;N;N;N;N
994;N;N;N;N;N;N;N;N;N;N;N;N;N;N;N;N;N;N;N;N;N;N;N;N;N;N;N;N;N
1729;N;S;N;N;N;S;N;N;N;S;N;N;N;N;N;N;N;N;N;S;N;N;N;S;N;S;S;S;S
173;S;N;S;N;N;N;N;N;S;N;N;N;N;N;N;N;N;N;N;N;N;N;N;N;N;N;N;N;N
1730;N;N;N;N;N;N;N;N;N;N;N;N;N;N;N;N;N;N;N;N;N;N;N;N;N;N;S;S;S
1731;N;S;N;N;N;N;N;N;N;S;N;N;N;N;N;N;N;N;N;S;N;N;N;N;N;N;S;S;S
1733;S;S;S;N;S;S;N;N;S;S;S;N;N;N;N;N;N;N;N;N;N;N;S;N;S;S;S;S;S
175;N;N;N;N;N;N;N;N;N;N;N;N;N;N;N;N;N;N;N;N;N;N;N;N;N;N;N;N;N
176;S;N;N;N;N;N;N;N;S;S;N;N;N;N;N;N;N;N;N;N;N;N;N;N;N;N;N;N;N
177;S;N;N;N;N;N;N;N;S;N;N;N;N;N;N;N;N;N;N;N;N;N;N;N;N;N;N;N;N
178;S;S;N;N;S;S;N;N;S;S;N;N;N;N;S;S;S;N;N;N;N;N;N;N;S;S;N;N;N
179;S;S;N;N;N;N;N;N;S;N;N;N;N;N;N;N;N;N;N;N;N;N;N;N;N;N;N;N;N
180;S;S;N;N;N;N;N;N;S;S;N;N;N;N;S;S;S;N;N;N;N;N;N;N;N;N;N;N;N
181;S;S;N;N;S;S;N;N;S;S;N;N;N;N;S;S;S;N;N;N;N;N;N;N;S;S;N;N;N
182;S;S;N;N;N;N;N;N;S;N;N;N;N;N;S;S;S;N;N;N;N;N;N;N;N;N;N;N;N
183;S;S;N;S;S;S;N;N;S;S;N;N;N;N;S;S;S;N;N;N;N;N;N;N;S;S;S;S;S
186;S;S;N;N;S;S;N;N;S;S;N;N;N;N;S;S;S;N;N;N;N;N;N;N;S;S;N;N;N
188;S;N;N;N;N;N;N;N;S;N;N;N;N;N;N;N;N;N;N;N;N;N;N;N;N;N;N;N;N
190;S;S;S;N;S;S;N;N;S;N;S;N;N;N;S;S;S;N;N;N;N;N;N;N;S;S;N;N;N
191;S;S;N;N;S;S;N;N;S;S;N;N;N;N;S;S;S;N;N;N;N;N;N;N;S;S;N;N;N
192;S;N;N;N;N;N;N;N;S;S;N;N;N;N;N;N;N;N;N;N;N;N;N;N;N;N;N;N;N
193;S;S;N;N;S;S;N;N;S;S;N;N;N;N;S;S;S;N;N;N;N;N;N;N;S;S;S;S;S
194;S;N;N;N;N;N;N;N;N;N;N;N;N;N;N;N;N;N;N;N;N;N;N;N;N;N;N;N;N
195;S;S;N;N;N;N;N;N;N;N;N;N;N;N;N;N;N;N;N;N;N;N;N;N;N;N;N;N;N
196;S;S;N;N;S;S;N;N;S;S;N;N;N;N;S;S;S;N;N;N;N;N;N;N;S;S;N;N;N
197;N;N;N;N;N;N;N;N;N;N;N;N;N;N;N;N;N;N;N;N;N;N;N;N;N;N;N;N;N
198;N;S;N;N;N;S;N;N;N;S;N;N;N;N;N;N;N;N;N;N;N;N;N;N;N;S;N;N;N
199;N;S;N;N;N;S;N;N;N;S;N;N;N;N;N;N;N;N;N;N;N;N;N;N;N;S;N;N;N
2;N;N;N;N;N;N;N;N;N;N;N;N;N;N;N;N;N;N;N;N;N;S;N;N;N;N;N;N;N
200;N;N;N;N;N;N;N;N;N;N;N;N;N;N;N;N;N;N;N;N;N;N;N;N;N;N;N;N;N
202;N;S;N;S;N;S;N;N;N;S;N;S;N;N;N;N;N;N;N;N;N;N;N;N;N;S;N;S;S
203;N;N;N;N;N;N;N;N;N;N;N;N;N;N;N;N;N;N;N;N;N;N;N;N;N;N;N;N;N
204;N;S;N;S;N;S;N;N;N;S;N;S;N;S;N;S;S;N;N;N;N;N;N;N;N;S;N;N;N
206;N;S;N;N;N;S;N;N;N;S;N;S;S;S;N;N;N;N;N;S;N;N;N;N;N;S;N;N;N
207;N;N;N;N;N;N;N;N;N;N;N;N;N;N;N;N;N;N;N;N;N;N;N;N;N;N;N;N;N
208;N;S;N;N;N;S;N;N;N;S;N;N;N;N;N;N;N;N;N;N;N;N;N;N;N;S;N;N;N
210;S;N;N;N;N;N;N;N;S;N;N;N;N;N;S;N;N;N;N;N;N;N;N;N;N;N;N;N;N
211;N;N;N;N;N;N;N;N;N;N;N;N;N;N;N;N;N;N;N;N;N;N;N;N;N;N;N;N;N
212;N;N;N;N;N;N;N;N;N;N;N;N;N;N;N;N;N;N;S;N;N;N;N;N;N;N;N;N;N
213;N;N;N;N;N;N;N;N;N;N;N;N;N;N;N;N;N;N;N;S;N;N;N;N;N;N;N;N;N
214;N;N;N;N;N;N;N;N;N;N;N;N;N;N;N;N;N;N;N;N;N;S;N;N;N;N;N;N;N
215;S;S;S;S;S;S;S;S;S;S;S;S;S;S;S;S;S;N;S;S;N;N;S;S;S;S;S;S;S
216;N;S;N;N;N;S;N;N;N;S;N;N;N;N;N;N;N;N;N;S;N;N;N;N;N;S;N;N;N
218;S;S;S;S;S;S;N;N;S;S;N;N;N;N;N;N;N;N;N;N;N;N;N;N;S;S;N;N;N
22;S;N;N;N;S;N;N;N;S;N;N;N;N;N;N;N;N;N;N;N;N;N;N;N;S;N;N;N;N
221;N;S;N;S;N;S;N;N;N;S;N;S;N;N;N;S;S;N;N;N;N;N;N;N;N;S;S;S;S
224;N;N;N;N;N;N;N;N;N;N;N;N;N;N;N;N;N;N;N;N;N;N;N;N;N;N;N;N;N
228;S;S;N;N;S;S;N;N;S;S;N;N;N;N;N;N;N;N;N;N;N;N;N;N;S;S;S;S;S
229;S;S;N;N;S;S;N;N;S;S;N;N;N;N;N;N;N;N;N;N;N;N;N;N;S;S;N;N;N
230;S;S;N;N;S;S;N;N;S;S;N;N;N;N;N;N;N;N;N;N;N;N;N;N;S;S;N;N;N
231;S;S;N;N;S;S;N;N;S;S;N;N;N;N;S;S;S;N;N;S;N;N;N;N;S;S;N;N;N
232;S;S;N;N;S;S;N;N;S;S;N;N;N;N;S;S;S;N;N;S;N;N;N;N;S;S;N;N;N
233;N;S;N;N;N;S;N;N;N;S;N;N;N;N;N;S;S;N;N;S;N;N;N;N;N;S;N;N;N
234;S;N;N;N;N;N;N;N;N;N;N;N;N;N;N;N;N;N;N;N;N;N;N;N;N;N;N;N;N
236;S;S;N;N;N;N;N;N;S;S;N;N;N;N;S;S;S;N;N;N;N;N;N;N;N;N;N;N;N
237;N;N;N;N;N;N;N;N;N;N;N;N;N;N;N;N;N;N;N;N;N;S;N;N;N;N;N;N;N
238;N;S;N;N;N;S;N;N;N;S;N;N;N;N;N;N;N;N;N;N;N;S;N;N;N;S;N;N;N
239;S;N;N;N;N;N;N;N;N;N;N;N;N;N;N;N;N;N;N;N;N;N;N;N;N;N;N;N;N
240;S;N;N;N;S;S;N;N;N;N;N;N;N;N;N;N;N;N;N;N;N;N;N;N;S;S;N;N;N
241;S;S;S;S;S;S;S;N;S;S;S;S;N;S;S;S;S;N;N;N;N;N;N;N;S;S;S;S;S
242;N;S;N;N;N;N;N;N;N;S;N;N;N;N;N;N;N;N;N;N;N;N;N;N;N;N;N;N;N
244;N;S;N;S;N;S;N;N;N;S;N;S;N;N;N;N;N;N;N;N;N;N;N;N;N;S;N;S;S
251;S;N;N;N;N;N;N;N;N;N;N;N;N;N;N;N;N;N;N;N;N;N;N;N;N;N;N;N;N
256;N;S;N;N;N;S;N;N;N;S;N;N;N;N;N;S;S;N;S;S;N;S;N;S;N;S;N;S;S
257;N;N;N;N;N;N;N;N;N;N;N;N;N;N;N;N;N;N;N;N;N;N;N;N;N;N;N;N;N
258;S;S;S;S;S;S;S;N;S;S;N;N;N;N;S;S;N;N;N;N;N;N;N;N;S;S;S;S;N
26;N;N;N;N;N;N;N;N;N;N;N;N;N;N;N;N;N;N;N;N;N;S;N;N;N;N;N;N;N
261;S;S;S;S;S;S;S;N;S;S;S;N;N;N;S;S;N;N;N;N;N;N;N;N;S;S;S;S;N
264;N;N;N;N;S;S;N;N;S;N;N;N;N;N;S;S;S;N;N;N;N;N;N;N;S;S;S;S;S
268;N;N;N;N;N;N;N;N;N;N;N;N;N;N;N;N;N;N;N;N;N;N;N;N;N;N;N;N;N
269;N;N;N;N;N;N;N;N;N;N;N;N;N;N;N;N;N;N;N;N;N;N;N;N;N;N;S;S;S
27;N;N;N;N;N;N;N;N;N;N;N;N;N;N;N;N;N;N;N;N;N;S;N;N;N;N;N;N;N
270;S;S;S;N;N;N;N;N;S;S;N;N;N;N;N;N;N;N;N;N;N;N;N;N;N;N;N;N;N
271;N;N;N;N;N;N;N;N;N;N;N;N;N;N;N;N;N;N;N;N;N;N;N;N;N;N;S;S;S
272;S;S;S;N;S;S;N;N;S;S;N;N;N;N;N;N;N;N;N;N;N;N;S;S;S;S;S;S;S
273;S;S;S;N;N;N;N;N;S;S;N;N;N;N;N;N;N;N;N;N;N;N;N;N;N;N;N;N;N
274;N;N;N;N;N;N;N;N;N;N;N;N;N;N;N;N;N;N;N;N;N;N;N;N;N;N;S;S;S
275;S;S;S;N;S;S;N;N;S;S;N;N;N;N;N;N;N;N;N;N;N;N;S;S;S;S;S;S;S
276;S;S;N;N;N;N;N;N;S;S;N;N;N;N;N;N;N;N;N;N;N;N;N;N;N;N;S;S;S
277;N;N;N;N;N;N;N;N;N;N;N;N;N;N;N;N;N;N;N;N;N;N;N;N;N;N;S;S;S
278;S;S;S;N;S;S;N;N;N;S;S;N;N;N;N;N;N;N;N;N;N;N;N;N;S;S;S;S;S
279;S;S;S;N;N;N;N;N;S;S;N;N;N;N;N;N;N;N;N;N;N;N;N;N;N;N;S;S;S
28;S;N;N;N;N;N;N;N;S;N;N;N;N;N;N;N;N;N;N;N;N;N;N;N;N;N;N;N;N
280;S;S;S;N;S;S;N;N;S;S;N;N;N;N;N;N;N;N;N;N;N;N;S;S;S;S;S;S;S
281;N;N;N;N;N;N;N;N;N;N;N;N;N;N;N;N;N;N;N;N;N;N;N;N;N;N;S;S;S
282;S;S;N;N;N;N;N;N;S;N;N;N;N;N;N;N;N;N;S;N;N;N;N;N;N;N;S;S;S
283;S;S;N;N;N;N;N;N;S;S;N;N;N;N;N;N;N;N;N;N;N;N;N;N;N;N;S;S;S
284;N;N;N;N;N;N;N;N;N;N;N;N;N;N;N;N;N;N;N;N;N;N;N;N;N;N;S;S;S
285;N;N;N;N;N;N;N;N;N;N;N;N;N;N;N;N;N;N;N;N;N;N;N;N;N;N;S;S;S
287;S;S;S;N;N;N;N;N;S;N;N;N;N;N;N;N;N;N;N;N;N;N;N;N;N;N;S;S;S
288;S;S;S;N;N;N;N;N;S;N;S;N;N;N;N;N;N;N;N;N;N;N;N;N;N;N;S;S;S
289;S;S;S;N;N;N;N;N;S;N;N;N;N;N;N;N;N;N;N;N;N;N;N;N;N;N;S;S;S
29;S;N;N;N;N;N;N;N;S;N;N;N;N;N;N;N;N;N;N;N;N;N;N;N;N;N;N;N;N
290;S;S;N;N;N;N;N;N;S;N;N;N;N;N;N;N;N;N;N;N;N;N;N;N;N;N;N;N;N
291;S;S;S;S;S;S;N;N;S;S;S;S;S;S;N;N;N;N;N;N;N;N;S;S;S;S;S;S;S
292;N;N;N;N;N;N;N;N;N;N;N;N;N;N;N;N;N;N;N;N;N;N;N;N;N;N;S;S;S